"User Id","Username","Comment Id","Comment Text","Profile URL","Avatar URL","Date"
55096308763,"allysonoliveira22",17851861122633460,"deixa o Trump pega o Brasil e melhor nos usando o dólar e melhor mais valorizado","https://www.instagram.com/allysonoliveira22","https://instagram.fsdu8-2.fna.fbcdn.net/v/t51.82787-15/626737405_18010184849836764_3602143401104053841_n.jpg?stp=dst-jpg_s150x150_tt6&efg=eyJ2ZW5jb2RlX3RhZyI6InByb2ZpbGVfcGljLmRqYW5nby44MjguYzIifQ&_nc_ht=instagram.fsdu8-2.fna.fbcdn.net&_nc_cat=100&_nc_oc=Q6cZ2QELbUNNrhMLoQBu1FrAgJmCksoTwwM7W4MQFBQcg9k58wBo_NFMsZxHtXr68sqik9fbxg_4kE3jiEUPWsdiWnaD&_nc_ohc=4LfSTt1ItNAQ7kNvwH6emRN&_nc_gid=vq1bp-bd0eaEWyXSGFQtJg&edm=AI-cjbYBAAAA&ccb=7-5&oh=00_AfwlQoR190Z8u2RB2sWmx4mUhViNDyTNzIPzKXyi3F9RNQ&oe=69AB74EE&_nc_sid=0985b0","01/03/2026, 07:40:16"
14681833793,"juniordailton",18448553170105940,"Sim","https://www.instagram.com/juniordailton","https://instagram.fsdu8-1.fna.fbcdn.net/v/t51.2885-19/499925207_18114188545489794_4175310557937810023_n.jpg?stp=dst-jpg_s150x150_tt6&efg=eyJ2ZW5jb2RlX3RhZyI6InByb2ZpbGVfcGljLmRqYW5nby4xMDgwLmMyIn0&_nc_ht=instagram.fsdu8-1.fna.fbcdn.net&_nc_cat=106&_nc_oc=Q6cZ2QELbUNNrhMLoQBu1FrAgJmCksoTwwM7W4MQFBQcg9k58wBo_NFMsZxHtXr68sqik9fbxg_4kE3jiEUPWsdiWnaD&_nc_ohc=DUMpE5TqyRQQ7kNvwES1Ie8&_nc_gid=vq1bp-bd0eaEWyXSGFQtJg&edm=AI-cjbYBAAAA&ccb=7-5&oh=00_AfzSnk0HF8jNrMpDxZ7tkbaiYepwdumPXebS4dlC1sCr5A&oe=69AB524E&_nc_sid=0985b0","01/03/2026, 07:54:18"
78615707749,"antonioanibalsobrinho",18155559250444104,NA,"https://www.instagram.com/antonioanibalsobrinho","https://scontent-gru2-2.cdninstagram.com/v/t51.2885-19/573323465_1219825463302212_7278921664109726296_n.png?stp=dst-jpg_e0_s150x150_tt6&efg=eyJ2ZW5jb2RlX3RhZyI6InByb2ZpbGVfcGljLmRqYW5nby4xNTAuYzIifQ&_nc_ht=scontent-gru2-2.cdninstagram.com&_nc_cat=1&_nc_oc=Q6cZ2QFD9pNsc8LNgfxjheHAcTWjdBdWDEkAQ0vO7IS9OPACFv_O4T6KIeI1uVghZlAsI_o&_nc_ohc=dX_ukDApEEMQ7kNvwEFetBJ&_nc_gid=WuQvabY6-DBy3y3HFI9wdQ&edm=APbti6cBAAAA&ccb=7-5&ig_cache_key=YW5vbnltb3VzX3Byb2ZpbGVfcGlj.3-ccb7-5&oh=00_Afw6zSWiP-OOQCj3L8AiNHjwtRZ702x0Xp38hf82SnvGbQ&oe=69AB6EEA&_nc_sid=5d520e","01/03/2026, 08:52:13"
7227480048,"rojerojelepereira",18096617431784000,"Se derrubar os yankees, e os sionistas israelíes, nenhum outro país vai precisar de bomba Nuclear.. que fomenta a guerra por ganancia  dominio e lucro São eles","https://www.instagram.com/rojerojelepereira","https://instagram.fsdu8-2.fna.fbcdn.net/v/t51.2885-19/312357702_435292572065841_4336297426969494622_n.jpg?stp=dst-jpg_s150x150_tt6&efg=eyJ2ZW5jb2RlX3RhZyI6InByb2ZpbGVfcGljLmRqYW5nby43MTkuYzIifQ&_nc_ht=instagram.fsdu8-2.fna.fbcdn.net&_nc_cat=109&_nc_oc=Q6cZ2QELbUNNrhMLoQBu1FrAgJmCksoTwwM7W4MQFBQcg9k58wBo_NFMsZxHtXr68sqik9fbxg_4kE3jiEUPWsdiWnaD&_nc_ohc=I59uafj7bV8Q7kNvwHG5dxD&_nc_gid=vq1bp-bd0eaEWyXSGFQtJg&edm=AI-cjbYBAAAA&ccb=7-5&oh=00_AfzJNUyK2nBPS_PdWMJePmCNr-gi24TD-ENiKUmFTZDH1g&oe=69AB6EC5&_nc_sid=0985b0","01/03/2026, 10:31:54"
5091670387,"aelsonsouzasantos",18084026732268756,"Eu Concordo que o nosso Brasil tenha Bomba atômica Para Preservar nossa Soberania Brasileira!","https://www.instagram.com/aelsonsouzasantos","https://instagram.fsdu8-1.fna.fbcdn.net/v/t51.2885-19/17819021_1372187092828118_3743588886417244160_a.jpg?stp=dst-jpg_s150x150_tt6&efg=eyJ2ZW5jb2RlX3RhZyI6InByb2ZpbGVfcGljLmRqYW5nby4xMDgwLmMyIn0&_nc_ht=instagram.fsdu8-1.fna.fbcdn.net&_nc_cat=102&_nc_oc=Q6cZ2QELbUNNrhMLoQBu1FrAgJmCksoTwwM7W4MQFBQcg9k58wBo_NFMsZxHtXr68sqik9fbxg_4kE3jiEUPWsdiWnaD&_nc_ohc=zI6YXp2cSbwQ7kNvwFf8U1S&_nc_gid=vq1bp-bd0eaEWyXSGFQtJg&edm=AI-cjbYBAAAA&ccb=7-5&oh=00_AfyugOW7jsyXzw_vzBTTTvJnA1-UNis7UbICzTe2U3VnKg&oe=69AB6536&_nc_sid=0985b0","01/03/2026, 11:11:12"
60491979766,"marcosassis332",17897610297401776,"O Brasil precisa urgentemente de vergonha na cara, principalmente com relação a política","https://www.instagram.com/marcosassis332","https://instagram.fsdu8-2.fna.fbcdn.net/v/t51.82787-15/639740301_17963615382019767_1028225892168730804_n.jpg?stp=dst-jpg_s150x150_tt6&efg=eyJ2ZW5jb2RlX3RhZyI6InByb2ZpbGVfcGljLmRqYW5nby4xMDgwLmMyIn0&_nc_ht=instagram.fsdu8-2.fna.fbcdn.net&_nc_cat=103&_nc_oc=Q6cZ2QELbUNNrhMLoQBu1FrAgJmCksoTwwM7W4MQFBQcg9k58wBo_NFMsZxHtXr68sqik9fbxg_4kE3jiEUPWsdiWnaD&_nc_ohc=P3BXZq6fE4sQ7kNvwEoixhl&_nc_gid=vq1bp-bd0eaEWyXSGFQtJg&edm=AI-cjbYBAAAA&ccb=7-5&oh=00_AfxyDafkuMkSzqE0uELjkDVRu5BX7325dzcIP3UTyP6mSw&oe=69AB478A&_nc_sid=0985b0","01/03/2026, 11:41:47"
1638380418,"paullomatoss",18096107626784832,"Concordo plenamente. O mundo mudou e os parlamentares precisam aprovar uma PEC  mudando a Constituição Brasileira para permitir a fabricação deste artefato. Afinal as potências não respeitam mais países fracos.","https://www.instagram.com/paullomatoss","https://instagram.fsdu8-1.fna.fbcdn.net/v/t51.82787-15/528682919_18520695955044419_3321559744542466683_n.jpg?stp=dst-jpg_s150x150_tt6&efg=eyJ2ZW5jb2RlX3RhZyI6InByb2ZpbGVfcGljLmRqYW5nby4xMDgwLmMyIn0&_nc_ht=instagram.fsdu8-1.fna.fbcdn.net&_nc_cat=111&_nc_oc=Q6cZ2QELbUNNrhMLoQBu1FrAgJmCksoTwwM7W4MQFBQcg9k58wBo_NFMsZxHtXr68sqik9fbxg_4kE3jiEUPWsdiWnaD&_nc_ohc=XgEmwrjB72QQ7kNvwEbQ_Pe&_nc_gid=vq1bp-bd0eaEWyXSGFQtJg&edm=AI-cjbYBAAAA&ccb=7-5&oh=00_Afx9im5InjtzMYtX6aw6jzCiKk8IpvXLhJC_hXxA3voLfw&oe=69AB6F59&_nc_sid=0985b0","01/03/2026, 11:56:33"
968740166,"elde05tavares",17966138879886320,"👏👏👏 concorda só assim ninguém mexer com a gente","https://www.instagram.com/elde05tavares","https://instagram.fsdu8-2.fna.fbcdn.net/v/t51.82787-15/587550539_18544347007036167_1062185180048703272_n.jpg?stp=dst-jpg_s150x150_tt6&efg=eyJ2ZW5jb2RlX3RhZyI6InByb2ZpbGVfcGljLmRqYW5nby45MTMuYzIifQ&_nc_ht=instagram.fsdu8-2.fna.fbcdn.net&_nc_cat=103&_nc_oc=Q6cZ2QELbUNNrhMLoQBu1FrAgJmCksoTwwM7W4MQFBQcg9k58wBo_NFMsZxHtXr68sqik9fbxg_4kE3jiEUPWsdiWnaD&_nc_ohc=6VdENYritdUQ7kNvwF_TgOT&_nc_gid=vq1bp-bd0eaEWyXSGFQtJg&edm=AI-cjbYBAAAA&ccb=7-5&oh=00_AfyhQooUrks9UVWng1Yv43UP5ML5HeOTL2W2H3cQ1a3h6A&oe=69AB4B95&_nc_sid=0985b0","01/03/2026, 12:39:13"
2294129280,"isaac.qroz",18095360099476820,"Já temos uma na presidência","https://www.instagram.com/isaac.qroz","https://instagram.fsdu8-1.fna.fbcdn.net/v/t51.82787-15/598671596_18501738031073281_2698807751654727370_n.jpg?stp=dst-jpg_s150x150_tt6&efg=eyJ2ZW5jb2RlX3RhZyI6InByb2ZpbGVfcGljLmRqYW5nby4xMDgwLmMyIn0&_nc_ht=instagram.fsdu8-1.fna.fbcdn.net&_nc_cat=101&_nc_oc=Q6cZ2QELbUNNrhMLoQBu1FrAgJmCksoTwwM7W4MQFBQcg9k58wBo_NFMsZxHtXr68sqik9fbxg_4kE3jiEUPWsdiWnaD&_nc_ohc=A625OfOAikUQ7kNvwFB8JbF&_nc_gid=vq1bp-bd0eaEWyXSGFQtJg&edm=AI-cjbYBAAAA&ccb=7-5&oh=00_Afy94Z-CE9rrsyoqWn4deCo7nFPcKX3Cpw19sIGjb0SPBw&oe=69AB3FF4&_nc_sid=0985b0","01/03/2026, 14:25:32"
38437774100,"frank_harald_kriger",18118439695618072,"Fato","https://www.instagram.com/frank_harald_kriger","https://instagram.fsdu8-2.fna.fbcdn.net/v/t51.82787-15/642357483_18092213927286101_5794294822091443083_n.jpg?stp=dst-jpg_s150x150_tt6&efg=eyJ2ZW5jb2RlX3RhZyI6InByb2ZpbGVfcGljLmRqYW5nby4xMDgwLmMyIn0&_nc_ht=instagram.fsdu8-2.fna.fbcdn.net&_nc_cat=105&_nc_oc=Q6cZ2QELbUNNrhMLoQBu1FrAgJmCksoTwwM7W4MQFBQcg9k58wBo_NFMsZxHtXr68sqik9fbxg_4kE3jiEUPWsdiWnaD&_nc_ohc=VR5p-dQrb2EQ7kNvwE4oSkX&_nc_gid=vq1bp-bd0eaEWyXSGFQtJg&edm=AI-cjbYBAAAA&ccb=7-5&oh=00_AfyeNFXyv1PVRdaLTkU-QoHBnJLyKrD9cdTh40CYjNu05Q&oe=69AB77C5&_nc_sid=0985b0","01/03/2026, 17:25:39"
54418451520,"ricardoalmeidajusto10",17903809224368938,"Sim, só pra ter e não pra atacar, só se defender.","https://www.instagram.com/ricardoalmeidajusto10","https://instagram.fsdu8-2.fna.fbcdn.net/v/t51.82787-15/625105906_18014511860811521_7547117897500483603_n.jpg?stp=dst-jpg_s150x150_tt6&efg=eyJ2ZW5jb2RlX3RhZyI6InByb2ZpbGVfcGljLmRqYW5nby4xMDgwLmMyIn0&_nc_ht=instagram.fsdu8-2.fna.fbcdn.net&_nc_cat=105&_nc_oc=Q6cZ2QELbUNNrhMLoQBu1FrAgJmCksoTwwM7W4MQFBQcg9k58wBo_NFMsZxHtXr68sqik9fbxg_4kE3jiEUPWsdiWnaD&_nc_ohc=B9liIdroo1oQ7kNvwElBRz-&_nc_gid=vq1bp-bd0eaEWyXSGFQtJg&edm=AI-cjbYBAAAA&ccb=7-5&oh=00_Afx80NtNR0UoK32sgJxnupM3qDKWdnIXdasUglxgBp1NTA&oe=69AB61D6&_nc_sid=0985b0","01/03/2026, 17:28:07"
54418451520,"ricardoalmeidajusto10",18447529027104776,"O Brasil se quiser fábrica amanhã mesmo","https://www.instagram.com/ricardoalmeidajusto10","https://instagram.fsdu8-2.fna.fbcdn.net/v/t51.82787-15/625105906_18014511860811521_7547117897500483603_n.jpg?stp=dst-jpg_s150x150_tt6&efg=eyJ2ZW5jb2RlX3RhZyI6InByb2ZpbGVfcGljLmRqYW5nby4xMDgwLmMyIn0&_nc_ht=instagram.fsdu8-2.fna.fbcdn.net&_nc_cat=105&_nc_oc=Q6cZ2QELbUNNrhMLoQBu1FrAgJmCksoTwwM7W4MQFBQcg9k58wBo_NFMsZxHtXr68sqik9fbxg_4kE3jiEUPWsdiWnaD&_nc_ohc=B9liIdroo1oQ7kNvwElBRz-&_nc_gid=vq1bp-bd0eaEWyXSGFQtJg&edm=AI-cjbYBAAAA&ccb=7-5&oh=00_Afx80NtNR0UoK32sgJxnupM3qDKWdnIXdasUglxgBp1NTA&oe=69AB61D6&_nc_sid=0985b0","01/03/2026, 17:28:44"
59600445495,"ale_xandyy",17985244739790812,"PRECISA É DE UM PRESIDENTE DE VERDADE 👍🏼","https://www.instagram.com/ale_xandyy","https://instagram.fsdu8-2.fna.fbcdn.net/v/t51.82787-15/572918217_17967097118989496_4587305089796322724_n.jpg?stp=dst-jpg_s150x150_tt6&efg=eyJ2ZW5jb2RlX3RhZyI6InByb2ZpbGVfcGljLmRqYW5nby44MTAuYzIifQ&_nc_ht=instagram.fsdu8-2.fna.fbcdn.net&_nc_cat=108&_nc_oc=Q6cZ2QELbUNNrhMLoQBu1FrAgJmCksoTwwM7W4MQFBQcg9k58wBo_NFMsZxHtXr68sqik9fbxg_4kE3jiEUPWsdiWnaD&_nc_ohc=LhPOuqFH-HwQ7kNvwFG4Jcg&_nc_gid=vq1bp-bd0eaEWyXSGFQtJg&edm=AI-cjbYBAAAA&ccb=7-5&oh=00_Afyx7zEWEzOFSzutFss5QyDokC4Q2QXCrGV_zDylpgcT2Q&oe=69AB7284&_nc_sid=0985b0","01/03/2026, 17:44:42"
574326378,"mauricio__abreu_",18061212389689600,"Temos corruptos! De nada adianta bombas! Eles entregam mediante uma bela rachadinhas ou joias de presentes.","https://www.instagram.com/mauricio__abreu_","https://instagram.fsdu8-1.fna.fbcdn.net/v/t51.82787-15/521412573_18524795689054379_370836724299297340_n.jpg?stp=dst-jpg_s150x150_tt6&efg=eyJ2ZW5jb2RlX3RhZyI6InByb2ZpbGVfcGljLmRqYW5nby4xMDgwLmMyIn0&_nc_ht=instagram.fsdu8-1.fna.fbcdn.net&_nc_cat=111&_nc_oc=Q6cZ2QELbUNNrhMLoQBu1FrAgJmCksoTwwM7W4MQFBQcg9k58wBo_NFMsZxHtXr68sqik9fbxg_4kE3jiEUPWsdiWnaD&_nc_ohc=JfzwulBbAqQQ7kNvwFRdo6I&_nc_gid=vq1bp-bd0eaEWyXSGFQtJg&edm=AI-cjbYBAAAA&ccb=7-5&oh=00_AfxFp0pepKAqUFqyuDMJl8bnbHVoelQ44lj0WmI7X2B1lw&oe=69AB4078&_nc_sid=0985b0","01/03/2026, 17:47:37"
53710096356,"gouvea_augusto_oduobara",18156693412437104,"Precisa.","https://www.instagram.com/gouvea_augusto_oduobara","https://instagram.fsdu8-1.fna.fbcdn.net/v/t51.2885-19/289170601_746524250130114_7421861411580236615_n.jpg?stp=dst-jpg_s150x150_tt6&efg=eyJ2ZW5jb2RlX3RhZyI6InByb2ZpbGVfcGljLmRqYW5nby41ODUuYzIifQ&_nc_ht=instagram.fsdu8-1.fna.fbcdn.net&_nc_cat=106&_nc_oc=Q6cZ2QELbUNNrhMLoQBu1FrAgJmCksoTwwM7W4MQFBQcg9k58wBo_NFMsZxHtXr68sqik9fbxg_4kE3jiEUPWsdiWnaD&_nc_ohc=Z-zTvW9DISEQ7kNvwFjSibG&_nc_gid=vq1bp-bd0eaEWyXSGFQtJg&edm=AI-cjbYBAAAA&ccb=7-5&oh=00_Afzdf0yD6eNOz2Op2wqR_MNJpuMSXtXjYl6NopmPMy8xkA&oe=69AB5CC5&_nc_sid=0985b0","01/03/2026, 18:07:06"
5618807715,"jd_vidros_",17976496208995928,"Aqui no Brasil já tem é o onix com Correia banhada a óleo é a pior bomba do mundo só tem aqui..","https://www.instagram.com/jd_vidros_","https://instagram.fsdu8-2.fna.fbcdn.net/v/t51.2885-19/488936271_840263991630045_1726780240225348700_n.jpg?stp=dst-jpg_s150x150_tt6&efg=eyJ2ZW5jb2RlX3RhZyI6InByb2ZpbGVfcGljLmRqYW5nby4xMDgwLmMyIn0&_nc_ht=instagram.fsdu8-2.fna.fbcdn.net&_nc_cat=109&_nc_oc=Q6cZ2QELbUNNrhMLoQBu1FrAgJmCksoTwwM7W4MQFBQcg9k58wBo_NFMsZxHtXr68sqik9fbxg_4kE3jiEUPWsdiWnaD&_nc_ohc=591l-bhhLbEQ7kNvwEA-CBF&_nc_gid=vq1bp-bd0eaEWyXSGFQtJg&edm=AI-cjbYBAAAA&ccb=7-5&oh=00_AfzxZG7z5EG89WE-CkDr4xyEJILJ2dZjBH0H88F2eAY1ag&oe=69AB7137&_nc_sid=0985b0","01/03/2026, 18:53:17"
44471043598,"carretinha_anomalia27",18122828884573016,"Isso se for na mão da direita né ? 
 Porque do jeito que o país está, vai de mau a pior","https://www.instagram.com/carretinha_anomalia27","https://instagram.fsdu8-2.fna.fbcdn.net/v/t51.82787-15/610538466_18094217201483599_6556718128611465321_n.jpg?stp=dst-jpg_s150x150_tt6&efg=eyJ2ZW5jb2RlX3RhZyI6InByb2ZpbGVfcGljLmRqYW5nby43NjEuYzIifQ&_nc_ht=instagram.fsdu8-2.fna.fbcdn.net&_nc_cat=107&_nc_oc=Q6cZ2QELbUNNrhMLoQBu1FrAgJmCksoTwwM7W4MQFBQcg9k58wBo_NFMsZxHtXr68sqik9fbxg_4kE3jiEUPWsdiWnaD&_nc_ohc=-ISYEiLFc_QQ7kNvwFESu8h&_nc_gid=vq1bp-bd0eaEWyXSGFQtJg&edm=AI-cjbYBAAAA&ccb=7-5&oh=00_Afx6-Ma5wjhqS9y4jrZM0KV77A0k0utn_Z10EiUjFJczdg&oe=69AB5F12&_nc_sid=0985b0","01/03/2026, 18:56:10"
25016400115,"wellison.silva.71066",18107840860744896,"Concordo","https://www.instagram.com/wellison.silva.71066","https://instagram.fsdu8-1.fna.fbcdn.net/v/t51.2885-19/506066088_18080633131832116_570644468779715683_n.jpg?stp=dst-jpg_s150x150_tt6&efg=eyJ2ZW5jb2RlX3RhZyI6InByb2ZpbGVfcGljLmRqYW5nby4xMDIzLmMyIn0&_nc_ht=instagram.fsdu8-1.fna.fbcdn.net&_nc_cat=104&_nc_oc=Q6cZ2QELbUNNrhMLoQBu1FrAgJmCksoTwwM7W4MQFBQcg9k58wBo_NFMsZxHtXr68sqik9fbxg_4kE3jiEUPWsdiWnaD&_nc_ohc=INDKx3BDR-YQ7kNvwFuedPN&_nc_gid=vq1bp-bd0eaEWyXSGFQtJg&edm=AI-cjbYBAAAA&ccb=7-5&oh=00_AfwihenZNAWHFBUB0jGYikmM1_dQjYZlKIzGsrQRxfFpXA&oe=69AB681C&_nc_sid=0985b0","01/03/2026, 19:13:23"
8234824609,"torneadora.silvamarcos",18094948990964004,"Já  tem o PT","https://www.instagram.com/torneadora.silvamarcos","https://instagram.fsdu8-1.fna.fbcdn.net/v/t51.2885-19/37125086_1991414377837194_3627354328219516928_n.jpg?stp=dst-jpg_s150x150_tt6&efg=eyJ2ZW5jb2RlX3RhZyI6InByb2ZpbGVfcGljLmRqYW5nby43MjAuYzIifQ&_nc_ht=instagram.fsdu8-1.fna.fbcdn.net&_nc_cat=106&_nc_oc=Q6cZ2QELbUNNrhMLoQBu1FrAgJmCksoTwwM7W4MQFBQcg9k58wBo_NFMsZxHtXr68sqik9fbxg_4kE3jiEUPWsdiWnaD&_nc_ohc=kMWL4cEYou0Q7kNvwGMchSt&_nc_gid=vq1bp-bd0eaEWyXSGFQtJg&edm=AI-cjbYBAAAA&ccb=7-5&oh=00_Afw_ISpPXMLnllObdTTwUxTSUIBY72rzvxoJgETPzPXe7A&oe=69AB5C7F&_nc_sid=0985b0","01/03/2026, 19:30:14"
5803857675,"cardosofelipe1000",17997209456874426,"Ora ora ora...","https://www.instagram.com/cardosofelipe1000","https://instagram.fsdu8-2.fna.fbcdn.net/v/t51.82787-15/557890749_18388925032193676_4255904560187588660_n.jpg?stp=dst-jpg_s150x150_tt6&efg=eyJ2ZW5jb2RlX3RhZyI6InByb2ZpbGVfcGljLmRqYW5nby4xMDgwLmMyIn0&_nc_ht=instagram.fsdu8-2.fna.fbcdn.net&_nc_cat=100&_nc_oc=Q6cZ2QELbUNNrhMLoQBu1FrAgJmCksoTwwM7W4MQFBQcg9k58wBo_NFMsZxHtXr68sqik9fbxg_4kE3jiEUPWsdiWnaD&_nc_ohc=Uxdpu9cCdIcQ7kNvwH19CUa&_nc_gid=vq1bp-bd0eaEWyXSGFQtJg&edm=AI-cjbYBAAAA&ccb=7-5&oh=00_Afxfb-kPYDIZvfKaRL6mWN1QSr3EiuydL7zKIJX263Sk7Q&oe=69AB5AF0&_nc_sid=0985b0","01/03/2026, 19:36:42"
1437744362,"wallacesousa021",17865166392593380,"O problema é ter bomba atômica e ter um asno como bolsonaro na presidência","https://www.instagram.com/wallacesousa021","https://instagram.fsdu8-1.fna.fbcdn.net/v/t51.2885-19/376013278_1977037146002665_5854936548469271727_n.jpg?stp=dst-jpg_s150x150_tt6&efg=eyJ2ZW5jb2RlX3RhZyI6InByb2ZpbGVfcGljLmRqYW5nby4xMDgwLmMyIn0&_nc_ht=instagram.fsdu8-1.fna.fbcdn.net&_nc_cat=101&_nc_oc=Q6cZ2QELbUNNrhMLoQBu1FrAgJmCksoTwwM7W4MQFBQcg9k58wBo_NFMsZxHtXr68sqik9fbxg_4kE3jiEUPWsdiWnaD&_nc_ohc=TAh2NAdiLTQQ7kNvwFb_xpU&_nc_gid=vq1bp-bd0eaEWyXSGFQtJg&edm=AI-cjbYBAAAA&ccb=7-5&oh=00_Afw31Jy1iURDOxyOCB2mDUoJ2UUFBNYXf6_wVtrwFonSzw&oe=69AB6B7A&_nc_sid=0985b0","01/03/2026, 20:16:03"
4787065826,"luamardev",18309092776256028,"Brasil precisa mais rápido possível, sansões podem ser negociadas com o tempo, mas se o EUA resolve tornar o Brasil um alvo da sua ambição, aí será um banho de sangue","https://www.instagram.com/luamardev","https://instagram.fsdu8-2.fna.fbcdn.net/v/t51.2885-19/409730257_1075101880519416_3337218289799206490_n.jpg?stp=dst-jpg_s150x150_tt6&efg=eyJ2ZW5jb2RlX3RhZyI6InByb2ZpbGVfcGljLmRqYW5nby41MDAuYzIifQ&_nc_ht=instagram.fsdu8-2.fna.fbcdn.net&_nc_cat=100&_nc_oc=Q6cZ2QELbUNNrhMLoQBu1FrAgJmCksoTwwM7W4MQFBQcg9k58wBo_NFMsZxHtXr68sqik9fbxg_4kE3jiEUPWsdiWnaD&_nc_ohc=991o5TypsW0Q7kNvwHcIch4&_nc_gid=vq1bp-bd0eaEWyXSGFQtJg&edm=AI-cjbYBAAAA&ccb=7-5&oh=00_Afzsoa9i4wA0-_tew4csjDcD-YEHmyjWiXxESZOndW5Yqg&oe=69AB76E7&_nc_sid=0985b0","01/03/2026, 21:25:55"
1571234175,"oluapjr",17954844672082328,"Urgente","https://www.instagram.com/oluapjr","https://scontent-gru2-2.cdninstagram.com/v/t51.2885-19/573323465_1219825463302212_7278921664109726296_n.png?stp=dst-jpg_e0_s150x150_tt6&efg=eyJ2ZW5jb2RlX3RhZyI6InByb2ZpbGVfcGljLmRqYW5nby4xNTAuYzIifQ&_nc_ht=scontent-gru2-2.cdninstagram.com&_nc_cat=1&_nc_oc=Q6cZ2QFD9pNsc8LNgfxjheHAcTWjdBdWDEkAQ0vO7IS9OPACFv_O4T6KIeI1uVghZlAsI_o&_nc_ohc=dX_ukDApEEMQ7kNvwEFetBJ&_nc_gid=WuQvabY6-DBy3y3HFI9wdQ&edm=APbti6cBAAAA&ccb=7-5&ig_cache_key=YW5vbnltb3VzX3Byb2ZpbGVfcGlj.3-ccb7-5&oh=00_Afw6zSWiP-OOQCj3L8AiNHjwtRZ702x0Xp38hf82SnvGbQ&oe=69AB6EEA&_nc_sid=5d520e","01/03/2026, 21:26:57"
2865218677,"fragferreiric",17997453251911874,"Sim","https://www.instagram.com/fragferreiric","https://instagram.fsdu8-1.fna.fbcdn.net/v/t51.82787-15/639745066_18379126339090678_1562971116073294884_n.jpg?stp=dst-jpg_s150x150_tt6&efg=eyJ2ZW5jb2RlX3RhZyI6InByb2ZpbGVfcGljLmRqYW5nby42NjkuYzIifQ&_nc_ht=instagram.fsdu8-1.fna.fbcdn.net&_nc_cat=110&_nc_oc=Q6cZ2QELbUNNrhMLoQBu1FrAgJmCksoTwwM7W4MQFBQcg9k58wBo_NFMsZxHtXr68sqik9fbxg_4kE3jiEUPWsdiWnaD&_nc_ohc=SutARcmCri4Q7kNvwH-uQQh&_nc_gid=vq1bp-bd0eaEWyXSGFQtJg&edm=AI-cjbYBAAAA&ccb=7-5&oh=00_Afw2KRZI46SSk8nrZ6krR9w_dagdCZeWi418pWirNjh26g&oe=69AB575A&_nc_sid=0985b0","01/03/2026, 21:58:14"
566489515,"regisbaldi",17992005296945688,"Já dizia o Enéias","https://www.instagram.com/regisbaldi","https://instagram.fsdu8-1.fna.fbcdn.net/v/t51.2885-19/398762195_1022104942443742_1105721969000788777_n.jpg?stp=dst-jpg_s150x150_tt6&efg=eyJ2ZW5jb2RlX3RhZyI6InByb2ZpbGVfcGljLmRqYW5nby42ODAuYzIifQ&_nc_ht=instagram.fsdu8-1.fna.fbcdn.net&_nc_cat=110&_nc_oc=Q6cZ2QELbUNNrhMLoQBu1FrAgJmCksoTwwM7W4MQFBQcg9k58wBo_NFMsZxHtXr68sqik9fbxg_4kE3jiEUPWsdiWnaD&_nc_ohc=OTtDZpdr50QQ7kNvwGcTBvU&_nc_gid=vq1bp-bd0eaEWyXSGFQtJg&edm=AI-cjbYBAAAA&ccb=7-5&oh=00_AfyH_vXEbwC0D4xxtEX0kg8oDU38w4KfA3_DpoYmiPSEGA&oe=69AB4E1E&_nc_sid=0985b0","01/03/2026, 22:00:32"
1256636993,"gerson_yago",18095702375480856,"Precisa mesmo, só não pode ter um idiota como povo do bozo comandando o país pra não fazerem que nem o trumplixo","https://www.instagram.com/gerson_yago","https://instagram.fsdu8-1.fna.fbcdn.net/v/t51.82787-15/632283664_18556171186060994_2924759399225753424_n.jpg?stp=dst-jpg_s150x150_tt6&efg=eyJ2ZW5jb2RlX3RhZyI6InByb2ZpbGVfcGljLmRqYW5nby4xMDgwLmMyIn0&_nc_ht=instagram.fsdu8-1.fna.fbcdn.net&_nc_cat=102&_nc_oc=Q6cZ2QELbUNNrhMLoQBu1FrAgJmCksoTwwM7W4MQFBQcg9k58wBo_NFMsZxHtXr68sqik9fbxg_4kE3jiEUPWsdiWnaD&_nc_ohc=pYKyh-qOXTAQ7kNvwFwkmiw&_nc_gid=vq1bp-bd0eaEWyXSGFQtJg&edm=AI-cjbYBAAAA&ccb=7-5&oh=00_AfyLszmBY5_HdnPgRVuGOIfGdPdNgMcPRXR6UgepH2jriQ&oe=69AB53D1&_nc_sid=0985b0","01/03/2026, 22:09:56"
5615735264,"ph123noticias",18386617735156744,"Precisar precisa mas vão deixar? Olha o que estão fazendo com Irã!!😢","https://www.instagram.com/ph123noticias","https://instagram.fsdu8-1.fna.fbcdn.net/v/t51.82787-15/572767152_18401344048191265_1402153952817081799_n.jpg?stp=dst-jpg_s150x150_tt6&efg=eyJ2ZW5jb2RlX3RhZyI6InByb2ZpbGVfcGljLmRqYW5nby43MjAuYzIifQ&_nc_ht=instagram.fsdu8-1.fna.fbcdn.net&_nc_cat=101&_nc_oc=Q6cZ2QELbUNNrhMLoQBu1FrAgJmCksoTwwM7W4MQFBQcg9k58wBo_NFMsZxHtXr68sqik9fbxg_4kE3jiEUPWsdiWnaD&_nc_ohc=G8nRW5wb-NEQ7kNvwFU3v1D&_nc_gid=vq1bp-bd0eaEWyXSGFQtJg&edm=AI-cjbYBAAAA&ccb=7-5&oh=00_AfzQwuDOlg4Gif-6GrlaKsXfc3ANlkjN1kg9quHK9fRxZQ&oe=69AB4486&_nc_sid=0985b0","01/03/2026, 23:09:10"
1965652732,"s.junior_uni",17870740764558580,"Já temos o  PT 😂😂😂","https://www.instagram.com/s.junior_uni","https://instagram.fsdu8-1.fna.fbcdn.net/v/t51.82787-15/587818182_18513779227068733_2377656095271822774_n.jpg?stp=dst-jpg_s150x150_tt6&efg=eyJ2ZW5jb2RlX3RhZyI6InByb2ZpbGVfcGljLmRqYW5nby4xMDgwLmMyIn0&_nc_ht=instagram.fsdu8-1.fna.fbcdn.net&_nc_cat=101&_nc_oc=Q6cZ2QELbUNNrhMLoQBu1FrAgJmCksoTwwM7W4MQFBQcg9k58wBo_NFMsZxHtXr68sqik9fbxg_4kE3jiEUPWsdiWnaD&_nc_ohc=DVanKKhqHpAQ7kNvwFLUe4n&_nc_gid=vq1bp-bd0eaEWyXSGFQtJg&edm=AI-cjbYBAAAA&ccb=7-5&oh=00_AfxKyPc1hLW4xfKrKcQanfhFIt7MoO53fjGwED3iL56ufQ&oe=69AB5A48&_nc_sid=0985b0","01/03/2026, 23:30:32"
54029690286,"silvadorosariojesse",17927776230212074,"Brasil precisa a acaba com a corrupção no Brasil isso sim","https://www.instagram.com/silvadorosariojesse","https://instagram.fsdu8-1.fna.fbcdn.net/v/t51.82787-15/591165492_18014366414802287_5682663376358971384_n.jpg?stp=dst-jpg_s150x150_tt6&efg=eyJ2ZW5jb2RlX3RhZyI6InByb2ZpbGVfcGljLmRqYW5nby4xMDgwLmMyIn0&_nc_ht=instagram.fsdu8-1.fna.fbcdn.net&_nc_cat=111&_nc_oc=Q6cZ2QELbUNNrhMLoQBu1FrAgJmCksoTwwM7W4MQFBQcg9k58wBo_NFMsZxHtXr68sqik9fbxg_4kE3jiEUPWsdiWnaD&_nc_ohc=c9TDR5bTyYMQ7kNvwFMBio4&_nc_gid=vq1bp-bd0eaEWyXSGFQtJg&edm=AI-cjbYBAAAA&ccb=7-5&oh=00_AfzLkZgyygp1CICYSAFZ9QS2YmcP7hKBux0cWUGFAkNDPQ&oe=69AB76CF&_nc_sid=0985b0","01/03/2026, 23:51:01"
35409328760,"mantovani_sjc",18154949860439780,"Pra ontem 1 não umas 1000 +- com proporção super sônica!!","https://www.instagram.com/mantovani_sjc","https://instagram.fsdu8-2.fna.fbcdn.net/v/t51.82787-15/624073271_18084860798176761_6096592227457032443_n.jpg?stp=dst-jpg_s150x150_tt6&efg=eyJ2ZW5jb2RlX3RhZyI6InByb2ZpbGVfcGljLmRqYW5nby4xMDgwLmMyIn0&_nc_ht=instagram.fsdu8-2.fna.fbcdn.net&_nc_cat=109&_nc_oc=Q6cZ2QELbUNNrhMLoQBu1FrAgJmCksoTwwM7W4MQFBQcg9k58wBo_NFMsZxHtXr68sqik9fbxg_4kE3jiEUPWsdiWnaD&_nc_ohc=b13rh_f7QKsQ7kNvwFMKlKw&_nc_gid=vq1bp-bd0eaEWyXSGFQtJg&edm=AI-cjbYBAAAA&ccb=7-5&oh=00_AfyBnaL9sgP1SY_vY3_yUMJ6eaXJGFI3i4-kqbjhwFggcg&oe=69AB5C10&_nc_sid=0985b0","01/03/2026, 23:58:35"
48686800362,"lucastraveler91",18097365856750560,"A questão é: como começar sem ser boicotado antes.?","https://www.instagram.com/lucastraveler91","https://instagram.fsdu8-2.fna.fbcdn.net/v/t51.2885-19/472532214_27827481930229205_1574394109846360518_n.jpg?stp=dst-jpg_s150x150_tt6&efg=eyJ2ZW5jb2RlX3RhZyI6InByb2ZpbGVfcGljLmRqYW5nby4xMDgwLmMyIn0&_nc_ht=instagram.fsdu8-2.fna.fbcdn.net&_nc_cat=105&_nc_oc=Q6cZ2QELbUNNrhMLoQBu1FrAgJmCksoTwwM7W4MQFBQcg9k58wBo_NFMsZxHtXr68sqik9fbxg_4kE3jiEUPWsdiWnaD&_nc_ohc=CjK9MVE6hIwQ7kNvwFOOKPs&_nc_gid=vq1bp-bd0eaEWyXSGFQtJg&edm=AI-cjbYBAAAA&ccb=7-5&oh=00_AfxW4HxSOYSwlOsbBzgx0VVo7AzravIOQqCNXAkyjcC_XA&oe=69AB4FF5&_nc_sid=0985b0","02/03/2026, 00:06:48"
800394779,"mohamad_baraket",18176682103344296,"Deixa qlq um do governo brasileiro falar q ta querendo fazer uma programa de energia nuclear para o pais , nao precisa ser pra fazer bomba , so para energia e projetos q ajuda o brasil , e vai ver a porta aviao do trump no mar do brasil , olha ai no oriente medio , tudo isso pq ninguem pode ter nada nuclear enquanto israel e o estados unidos controlando o mundo , pelo menos tem ter governo unido , pq muitos brasileiros vao pedir para o trump bombardear o brasil kkk, o governo atual e aliado da russia e da china , ninguem vai aceitar q o brasil ter uma bomba desse, o brasil tem q arrumar armas novas e forte para o exercito pra infrentar qlq inimgo forte enquanto ta trabalhando pra fazer programa nuclear, se nao esquece","https://www.instagram.com/mohamad_baraket","https://instagram.fsdu8-2.fna.fbcdn.net/v/t51.82787-15/569025264_18536242354010780_4532853058029991113_n.jpg?stp=dst-jpg_s150x150_tt6&efg=eyJ2ZW5jb2RlX3RhZyI6InByb2ZpbGVfcGljLmRqYW5nby4xMDgwLmMyIn0&_nc_ht=instagram.fsdu8-2.fna.fbcdn.net&_nc_cat=108&_nc_oc=Q6cZ2QELbUNNrhMLoQBu1FrAgJmCksoTwwM7W4MQFBQcg9k58wBo_NFMsZxHtXr68sqik9fbxg_4kE3jiEUPWsdiWnaD&_nc_ohc=Cz3eiUDlZKYQ7kNvwFsACZX&_nc_gid=vq1bp-bd0eaEWyXSGFQtJg&edm=AI-cjbYBAAAA&ccb=7-5&oh=00_AfzAnkmZDWCJxYpK9G-eDCi1Ttr8ozm7SFOIIMakJUdoPw&oe=69AB5558&_nc_sid=0985b0","02/03/2026, 00:10:13"
75628611838,"franciscofl2025",18104607499849464,"O Brasil precisa ser livrar desses políticos ladrões","https://www.instagram.com/franciscofl2025","https://instagram.fsdu8-2.fna.fbcdn.net/v/t51.2885-19/502543322_17842254948523839_6142371950335888601_n.jpg?stp=dst-jpg_s150x150_tt6&efg=eyJ2ZW5jb2RlX3RhZyI6InByb2ZpbGVfcGljLmRqYW5nby4xMDgwLmMyIn0&_nc_ht=instagram.fsdu8-2.fna.fbcdn.net&_nc_cat=103&_nc_oc=Q6cZ2QELbUNNrhMLoQBu1FrAgJmCksoTwwM7W4MQFBQcg9k58wBo_NFMsZxHtXr68sqik9fbxg_4kE3jiEUPWsdiWnaD&_nc_ohc=3yW-rW7VeXwQ7kNvwHxqyLo&_nc_gid=vq1bp-bd0eaEWyXSGFQtJg&edm=AI-cjbYBAAAA&ccb=7-5&oh=00_Afy9XhI3gWkfvHxgXkngc_ekgTKsb-T94HYumFAWylUIFA&oe=69AB495A&_nc_sid=0985b0","02/03/2026, 00:48:34"
69612505223,"romulocesar663",18091130492152436,"Precisa é Fazer um Novo Plano de Carreira para os Praças, dar Salários compatíveis com outros Órgãos federais Civis e Comprar Novos Armamentos de Guerra.","https://www.instagram.com/romulocesar663","https://instagram.fsdu8-2.fna.fbcdn.net/v/t51.82787-15/613098639_17907174429321224_5003349448414801233_n.jpg?stp=dst-jpg_s150x150_tt6&efg=eyJ2ZW5jb2RlX3RhZyI6InByb2ZpbGVfcGljLmRqYW5nby4xMDgwLmMyIn0&_nc_ht=instagram.fsdu8-2.fna.fbcdn.net&_nc_cat=108&_nc_oc=Q6cZ2QELbUNNrhMLoQBu1FrAgJmCksoTwwM7W4MQFBQcg9k58wBo_NFMsZxHtXr68sqik9fbxg_4kE3jiEUPWsdiWnaD&_nc_ohc=fMxfRWhkUigQ7kNvwHbRPH_&_nc_gid=vq1bp-bd0eaEWyXSGFQtJg&edm=AI-cjbYBAAAA&ccb=7-5&oh=00_AfzZh6_bhYqDQdFf7rrqujOqPHa_J1HDSjQCbxJtxpDj_w&oe=69AB4D14&_nc_sid=0985b0","02/03/2026, 01:18:31"
53219142247,"roger_io378",18095962375974624,"O Brasil nao precisa de nada disso , o que o Brasil precisa é acabar com essas denominação que se dizem evangélicos e reconquista o respeito uns , pelos outros isso sim depois que esse governo Bolsonaro , governou esse país o povo ficou dessa forma.","https://www.instagram.com/roger_io378","https://instagram.fsdu8-1.fna.fbcdn.net/v/t51.82787-15/642825015_18034652876774248_3659732493038944153_n.jpg?stp=dst-jpg_s150x150_tt6&efg=eyJ2ZW5jb2RlX3RhZyI6InByb2ZpbGVfcGljLmRqYW5nby4xMDgwLmMyIn0&_nc_ht=instagram.fsdu8-1.fna.fbcdn.net&_nc_cat=104&_nc_oc=Q6cZ2QELbUNNrhMLoQBu1FrAgJmCksoTwwM7W4MQFBQcg9k58wBo_NFMsZxHtXr68sqik9fbxg_4kE3jiEUPWsdiWnaD&_nc_ohc=n4xi6QaEhacQ7kNvwFpUE45&_nc_gid=vq1bp-bd0eaEWyXSGFQtJg&edm=AI-cjbYBAAAA&ccb=7-5&oh=00_AfyAkZakCm4Xi2s-bZoMr7n97_75L39MMNZ9QxeqGOMnEw&oe=69AB69EA&_nc_sid=0985b0","02/03/2026, 01:48:28"
8613020091,"daniel_lankx",18095195561056112,"BRASIL prescisa mandar esse SISTEMA PRO CARALHO. depois pensar em SOBERANIA. BASTA DESSA FACCAO POLITICA CRIMINOSA🤮🤮🤮🤮🤮","https://www.instagram.com/daniel_lankx","https://instagram.fsdu8-2.fna.fbcdn.net/v/t51.2885-19/280014188_147817031111337_4033290696566576383_n.jpg?stp=dst-jpg_s150x150_tt6&efg=eyJ2ZW5jb2RlX3RhZyI6InByb2ZpbGVfcGljLmRqYW5nby45NjEuYzIifQ&_nc_ht=instagram.fsdu8-2.fna.fbcdn.net&_nc_cat=109&_nc_oc=Q6cZ2QELbUNNrhMLoQBu1FrAgJmCksoTwwM7W4MQFBQcg9k58wBo_NFMsZxHtXr68sqik9fbxg_4kE3jiEUPWsdiWnaD&_nc_ohc=soru6PPqqkoQ7kNvwHpcY53&_nc_gid=vq1bp-bd0eaEWyXSGFQtJg&edm=AI-cjbYBAAAA&ccb=7-5&oh=00_AfzKpCqtYlqPziK9rgae59sFVsCbytFPOrTVDIMzb_UZDA&oe=69AB769D&_nc_sid=0985b0","02/03/2026, 03:11:31"
214198053,"tsmichelly",18059056193373096,"Pra ontem","https://www.instagram.com/tsmichelly","https://instagram.fsdu8-1.fna.fbcdn.net/v/t51.82787-15/582036107_18544824343054054_5057794000484195910_n.jpg?stp=dst-jpg_s150x150_tt6&efg=eyJ2ZW5jb2RlX3RhZyI6InByb2ZpbGVfcGljLmRqYW5nby4xMDgwLmMyIn0&_nc_ht=instagram.fsdu8-1.fna.fbcdn.net&_nc_cat=110&_nc_oc=Q6cZ2QELbUNNrhMLoQBu1FrAgJmCksoTwwM7W4MQFBQcg9k58wBo_NFMsZxHtXr68sqik9fbxg_4kE3jiEUPWsdiWnaD&_nc_ohc=-yH4LU4KnW8Q7kNvwFWWOmL&_nc_gid=vq1bp-bd0eaEWyXSGFQtJg&edm=AI-cjbYBAAAA&ccb=7-5&oh=00_AfznrwblT09Pn9cCs0RIXY8GSPQn6hueiovr2UHA8iiIbg&oe=69AB5244&_nc_sid=0985b0","02/03/2026, 04:56:33"
7792209163,"motapaulo677",17905091901366274,"Se o Brasil construir uma bomba atômica!
Vai ter político tentando roubar pra levar pra casa !","https://www.instagram.com/motapaulo677","https://instagram.fsdu8-2.fna.fbcdn.net/v/t51.82787-15/624672725_18303428041257164_6716200527758640169_n.jpg?stp=dst-jpg_s150x150_tt6&efg=eyJ2ZW5jb2RlX3RhZyI6InByb2ZpbGVfcGljLmRqYW5nby45NjAuYzIifQ&_nc_ht=instagram.fsdu8-2.fna.fbcdn.net&_nc_cat=108&_nc_oc=Q6cZ2QELbUNNrhMLoQBu1FrAgJmCksoTwwM7W4MQFBQcg9k58wBo_NFMsZxHtXr68sqik9fbxg_4kE3jiEUPWsdiWnaD&_nc_ohc=eN5SJmOTi_kQ7kNvwG12Tkn&_nc_gid=vq1bp-bd0eaEWyXSGFQtJg&edm=AI-cjbYBAAAA&ccb=7-5&oh=00_AfyQYX4x8k2v9-fpLkL7ho2SoFZAg0wmK0ELc9MRt0DQAw&oe=69AB6DE6&_nc_sid=0985b0","02/03/2026, 06:49:57"
31844787235,"dan.arruda",18030868160792124,"O Brasil precisa se livrar do comunismo, isso sim","https://www.instagram.com/dan.arruda","https://instagram.fsdu8-2.fna.fbcdn.net/v/t51.82787-15/630134062_18094910978059236_1978171097639931734_n.jpg?stp=dst-jpg_s150x150_tt6&efg=eyJ2ZW5jb2RlX3RhZyI6InByb2ZpbGVfcGljLmRqYW5nby4xMDgwLmMyIn0&_nc_ht=instagram.fsdu8-2.fna.fbcdn.net&_nc_cat=100&_nc_oc=Q6cZ2QELbUNNrhMLoQBu1FrAgJmCksoTwwM7W4MQFBQcg9k58wBo_NFMsZxHtXr68sqik9fbxg_4kE3jiEUPWsdiWnaD&_nc_ohc=UzSotyoxfd8Q7kNvwHJtXyb&_nc_gid=vq1bp-bd0eaEWyXSGFQtJg&edm=AI-cjbYBAAAA&ccb=7-5&oh=00_AfzMK3Xg0dPiYJ7HG5LRTM1WUc1PUH_kmUl1V5IHUgIxrQ&oe=69AB6A5F&_nc_sid=0985b0","02/03/2026, 06:50:23"
13734926439,"nascdavioliveirado",18080324540611856,"O único caminho para ser Respeitado e ter um arsenal nuclear exemplo mísseis nucleares de longo alcance, Bombas atômica, submarinos nucleares, e o sistema homem morto.","https://www.instagram.com/nascdavioliveirado","https://instagram.fsdu8-2.fna.fbcdn.net/v/t51.2885-19/505734241_18121236199462440_1637672637228340642_n.jpg?stp=dst-jpg_s150x150_tt6&efg=eyJ2ZW5jb2RlX3RhZyI6InByb2ZpbGVfcGljLmRqYW5nby4xMDgwLmMyIn0&_nc_ht=instagram.fsdu8-2.fna.fbcdn.net&_nc_cat=100&_nc_oc=Q6cZ2QELbUNNrhMLoQBu1FrAgJmCksoTwwM7W4MQFBQcg9k58wBo_NFMsZxHtXr68sqik9fbxg_4kE3jiEUPWsdiWnaD&_nc_ohc=hjeH-ZbXC8kQ7kNvwEzDiV3&_nc_gid=vq1bp-bd0eaEWyXSGFQtJg&edm=AI-cjbYBAAAA&ccb=7-5&oh=00_AfzOFUeD13JaLowU_aWzaT46Fh-7qvyoVitnOHZnZSDFRw&oe=69AB5911&_nc_sid=0985b0","02/03/2026, 07:03:57"
73301323728,"waltersantos338",18435574357118752,"Agora que foram ver isso","https://www.instagram.com/waltersantos338","https://instagram.fsdu8-1.fna.fbcdn.net/v/t51.2885-19/485122626_1301646137803838_6053507728907927508_n.jpg?stp=dst-jpg_s150x150_tt6&efg=eyJ2ZW5jb2RlX3RhZyI6InByb2ZpbGVfcGljLmRqYW5nby4xMDgwLmMyIn0&_nc_ht=instagram.fsdu8-1.fna.fbcdn.net&_nc_cat=102&_nc_oc=Q6cZ2QELbUNNrhMLoQBu1FrAgJmCksoTwwM7W4MQFBQcg9k58wBo_NFMsZxHtXr68sqik9fbxg_4kE3jiEUPWsdiWnaD&_nc_ohc=STT1hYK1C5sQ7kNvwGcHtC3&_nc_gid=vq1bp-bd0eaEWyXSGFQtJg&edm=AI-cjbYBAAAA&ccb=7-5&oh=00_Afys3nlPgkB45O0tAbVh-RfXuO2Dvohz9_heNQMNv1IAKg&oe=69AB41E4&_nc_sid=0985b0","02/03/2026, 07:31:48"
31119614585,"quinsheldonpvh",18084135479235480,"Tem um monte de bomba atonica em brasília","https://www.instagram.com/quinsheldonpvh","https://instagram.fsdu8-2.fna.fbcdn.net/v/t51.2885-19/487803316_642164242306997_1544332813682995231_n.jpg?stp=dst-jpg_s150x150_tt6&efg=eyJ2ZW5jb2RlX3RhZyI6InByb2ZpbGVfcGljLmRqYW5nby4xMDgwLmMyIn0&_nc_ht=instagram.fsdu8-2.fna.fbcdn.net&_nc_cat=105&_nc_oc=Q6cZ2QELbUNNrhMLoQBu1FrAgJmCksoTwwM7W4MQFBQcg9k58wBo_NFMsZxHtXr68sqik9fbxg_4kE3jiEUPWsdiWnaD&_nc_ohc=X-zc7C_ennIQ7kNvwEnw-eV&_nc_gid=vq1bp-bd0eaEWyXSGFQtJg&edm=AI-cjbYBAAAA&ccb=7-5&oh=00_AfxfQliNRMRupK3fnJMQELgEDf1h-6G4c6JEuLKlrKsTkw&oe=69AB6EC4&_nc_sid=0985b0","02/03/2026, 08:14:36"
55096030967,"juarezluizcantarelli",18104987578827932,"Brasil tá quebrado","https://www.instagram.com/juarezluizcantarelli","https://instagram.fsdu8-2.fna.fbcdn.net/v/t51.2885-19/510493415_17982045071838968_884218797998961679_n.jpg?stp=dst-jpg_s150x150_tt6&efg=eyJ2ZW5jb2RlX3RhZyI6InByb2ZpbGVfcGljLmRqYW5nby4xMDgwLmMyIn0&_nc_ht=instagram.fsdu8-2.fna.fbcdn.net&_nc_cat=108&_nc_oc=Q6cZ2QELbUNNrhMLoQBu1FrAgJmCksoTwwM7W4MQFBQcg9k58wBo_NFMsZxHtXr68sqik9fbxg_4kE3jiEUPWsdiWnaD&_nc_ohc=ZHumitxydN0Q7kNvwGPg8y8&_nc_gid=vq1bp-bd0eaEWyXSGFQtJg&edm=AI-cjbYBAAAA&ccb=7-5&oh=00_AfzX8J0-Puwp4HvT8IEGyJKMyE79ycsHS_EOtRL0e55wNg&oe=69AB7133&_nc_sid=0985b0","02/03/2026, 08:20:00"
55098168806,"duartecarminati",18123211714577832,"Pra acabar com brasil de vez e so lula ganhar a prossima eleição.","https://www.instagram.com/duartecarminati","https://instagram.fsdu8-2.fna.fbcdn.net/v/t51.82787-15/526984011_17987118836832807_7595261823779023172_n.jpg?stp=dst-jpg_s150x150_tt6&efg=eyJ2ZW5jb2RlX3RhZyI6InByb2ZpbGVfcGljLmRqYW5nby4xMDgwLmMyIn0&_nc_ht=instagram.fsdu8-2.fna.fbcdn.net&_nc_cat=103&_nc_oc=Q6cZ2QELbUNNrhMLoQBu1FrAgJmCksoTwwM7W4MQFBQcg9k58wBo_NFMsZxHtXr68sqik9fbxg_4kE3jiEUPWsdiWnaD&_nc_ohc=KykDy1xKCxcQ7kNvwGchucR&_nc_gid=vq1bp-bd0eaEWyXSGFQtJg&edm=AI-cjbYBAAAA&ccb=7-5&oh=00_AfwSmVt8uu8OF8zhv4Fhmi2ufe0mjPDAViH6UrJKnHuS4A&oe=69AB6559&_nc_sid=0985b0","02/03/2026, 08:28:13"
4570855552,"caticamburi",17854462614626256,"Brasil precisa acabar com os comunista petistas","https://www.instagram.com/caticamburi","https://instagram.fsdu8-1.fna.fbcdn.net/v/t51.2885-19/364972509_757335783067262_4392224232953705454_n.jpg?stp=dst-jpg_s150x150_tt6&efg=eyJ2ZW5jb2RlX3RhZyI6InByb2ZpbGVfcGljLmRqYW5nby43MjAuYzIifQ&_nc_ht=instagram.fsdu8-1.fna.fbcdn.net&_nc_cat=102&_nc_oc=Q6cZ2QELbUNNrhMLoQBu1FrAgJmCksoTwwM7W4MQFBQcg9k58wBo_NFMsZxHtXr68sqik9fbxg_4kE3jiEUPWsdiWnaD&_nc_ohc=Boiv-STTVG0Q7kNvwGy6Mb_&_nc_gid=vq1bp-bd0eaEWyXSGFQtJg&edm=AI-cjbYBAAAA&ccb=7-5&oh=00_Afwu6cvIWCoK_r-vSLWA5vr68d58r9C0o6opowxOYIF5WA&oe=69AB5B90&_nc_sid=0985b0","02/03/2026, 08:52:18"
3991747923,"danielroland195",17848995192688550,"Esse Elias passou quase 20 anos junto com sapo cachaceiro agora tá falando de bomba atômica.","https://www.instagram.com/danielroland195","https://instagram.fsdu8-2.fna.fbcdn.net/v/t51.82787-15/587275328_18395672899131924_1929849161571059076_n.jpg?stp=dst-jpg_s150x150_tt6&efg=eyJ2ZW5jb2RlX3RhZyI6InByb2ZpbGVfcGljLmRqYW5nby4xMDgwLmMyIn0&_nc_ht=instagram.fsdu8-2.fna.fbcdn.net&_nc_cat=100&_nc_oc=Q6cZ2QELbUNNrhMLoQBu1FrAgJmCksoTwwM7W4MQFBQcg9k58wBo_NFMsZxHtXr68sqik9fbxg_4kE3jiEUPWsdiWnaD&_nc_ohc=z5tG_7F0TWUQ7kNvwGO1W63&_nc_gid=vq1bp-bd0eaEWyXSGFQtJg&edm=AI-cjbYBAAAA&ccb=7-5&oh=00_Afz9QQ4mDdknLWUvGiwRTIhBk1F46rgP3aCqR2nE-au-uw&oe=69AB473D&_nc_sid=0985b0","02/03/2026, 09:07:49"
40380915502,"juan_mariano__",18104694217884792,"Concordo. ✅️","https://www.instagram.com/juan_mariano__","https://instagram.fsdu8-2.fna.fbcdn.net/v/t51.82787-15/621817454_18075319694347503_4584648192027429583_n.jpg?stp=dst-jpg_s150x150_tt6&efg=eyJ2ZW5jb2RlX3RhZyI6InByb2ZpbGVfcGljLmRqYW5nby4zMjAuYzIifQ&_nc_ht=instagram.fsdu8-2.fna.fbcdn.net&_nc_cat=103&_nc_oc=Q6cZ2QELbUNNrhMLoQBu1FrAgJmCksoTwwM7W4MQFBQcg9k58wBo_NFMsZxHtXr68sqik9fbxg_4kE3jiEUPWsdiWnaD&_nc_ohc=RiQkczWQlawQ7kNvwGBAf6H&_nc_gid=vq1bp-bd0eaEWyXSGFQtJg&edm=AI-cjbYBAAAA&ccb=7-5&oh=00_AfwcpyRntyGFArNDcnpaVPpY3y9AHs8G0mTTD3IUOZiX3A&oe=69AB4EA4&_nc_sid=0985b0","02/03/2026, 09:19:03"
6275865785,"anderson_carvstos",18569992582020768,"Enéas era um visionário","https://www.instagram.com/anderson_carvstos","https://instagram.fsdu8-1.fna.fbcdn.net/v/t51.2885-19/472464423_571114195883044_4896117187505112271_n.jpg?stp=dst-jpg_s150x150_tt6&efg=eyJ2ZW5jb2RlX3RhZyI6InByb2ZpbGVfcGljLmRqYW5nby4xMDgwLmMyIn0&_nc_ht=instagram.fsdu8-1.fna.fbcdn.net&_nc_cat=104&_nc_oc=Q6cZ2QELbUNNrhMLoQBu1FrAgJmCksoTwwM7W4MQFBQcg9k58wBo_NFMsZxHtXr68sqik9fbxg_4kE3jiEUPWsdiWnaD&_nc_ohc=s67ABaPa9t8Q7kNvwFPFDkm&_nc_gid=vq1bp-bd0eaEWyXSGFQtJg&edm=AI-cjbYBAAAA&ccb=7-5&oh=00_AfyFKFBa7Z8zdmQ8NQGNWcveVHUfPhmL85PXOZzW2Uuo2Q&oe=69AB6BBC&_nc_sid=0985b0","02/03/2026, 09:23:47"
22341239909,"wellitonaraujo77",17873401620437408,"Eles estão articulando roubos. Não tem tempo pra isso não","https://www.instagram.com/wellitonaraujo77","https://instagram.fsdu8-1.fna.fbcdn.net/v/t51.82787-15/588601976_18102099115751910_7428582930704769860_n.jpg?stp=dst-jpg_s150x150_tt6&efg=eyJ2ZW5jb2RlX3RhZyI6InByb2ZpbGVfcGljLmRqYW5nby4xMDgwLmMyIn0&_nc_ht=instagram.fsdu8-1.fna.fbcdn.net&_nc_cat=106&_nc_oc=Q6cZ2QELbUNNrhMLoQBu1FrAgJmCksoTwwM7W4MQFBQcg9k58wBo_NFMsZxHtXr68sqik9fbxg_4kE3jiEUPWsdiWnaD&_nc_ohc=4Bh9xYwMtxcQ7kNvwEViQkG&_nc_gid=vq1bp-bd0eaEWyXSGFQtJg&edm=AI-cjbYBAAAA&ccb=7-5&oh=00_AfzYRtXaPbimElfBY6fCLANuSKMYicVWSkoMMbqDNT3TTA&oe=69AB64A7&_nc_sid=0985b0","02/03/2026, 09:41:06"
62271578353,"gilberlam_ki_pop_music",18096794909488764,"Políticos brasileiros são lacraia sem valor. E corruptos vendem a segurança do Brasil por um prato de comida.","https://www.instagram.com/gilberlam_ki_pop_music","https://instagram.fsdu8-1.fna.fbcdn.net/v/t51.82787-15/610753574_17948081067074354_6561565524847445330_n.jpg?stp=dst-jpg_s150x150_tt6&efg=eyJ2ZW5jb2RlX3RhZyI6InByb2ZpbGVfcGljLmRqYW5nby4xMDgwLmMyIn0&_nc_ht=instagram.fsdu8-1.fna.fbcdn.net&_nc_cat=102&_nc_oc=Q6cZ2QGHqs1QNYczEGtUbXQU8C0DlCq4wl2ktYbTEtgtBiHWWZ-qIlh53643gNU9oCdIGFWQjSeSGHo8kr_FCeZPKyNb&_nc_ohc=qGdXVTLKg4wQ7kNvwHlspgg&_nc_gid=Q19wgW9N__d6fZIwn7zrJg&edm=AI-cjbYBAAAA&ccb=7-5&oh=00_AfxSKn0i9vTQ9Ups9UR3cUAe-6VQfF_65DVY4bZak896tg&oe=69AB4517&_nc_sid=0985b0","22/02/2026, 07:08:32"
5734638995,"m_guimaraes_m",17989111127929990,"Up","https://www.instagram.com/m_guimaraes_m","https://instagram.fsdu8-1.fna.fbcdn.net/v/t51.2885-19/115674216_2792335777670098_6774025952750433522_n.jpg?stp=dst-jpg_s150x150_tt6&efg=eyJ2ZW5jb2RlX3RhZyI6InByb2ZpbGVfcGljLmRqYW5nby42MjEuYzIifQ&_nc_ht=instagram.fsdu8-1.fna.fbcdn.net&_nc_cat=110&_nc_oc=Q6cZ2QGHqs1QNYczEGtUbXQU8C0DlCq4wl2ktYbTEtgtBiHWWZ-qIlh53643gNU9oCdIGFWQjSeSGHo8kr_FCeZPKyNb&_nc_ohc=4XzRBlbPL-sQ7kNvwFnjvJC&_nc_gid=Q19wgW9N__d6fZIwn7zrJg&edm=AI-cjbYBAAAA&ccb=7-5&oh=00_AfxhWF1Oc8GgC_MMfSbGbr365qOqjDItrA72vYeQgLFLuA&oe=69AB726C&_nc_sid=0985b0","22/02/2026, 10:39:44"
5779749621,"donato.lopes.568",18081070796600564,"👏👏👏","https://www.instagram.com/donato.lopes.568","https://instagram.fsdu8-2.fna.fbcdn.net/v/t51.2885-19/20214612_1239898109453223_844013802977492992_a.jpg?stp=dst-jpg_s150x150_tt6&efg=eyJ2ZW5jb2RlX3RhZyI6InByb2ZpbGVfcGljLmRqYW5nby45MTIuYzIifQ&_nc_ht=instagram.fsdu8-2.fna.fbcdn.net&_nc_cat=103&_nc_oc=Q6cZ2QGHqs1QNYczEGtUbXQU8C0DlCq4wl2ktYbTEtgtBiHWWZ-qIlh53643gNU9oCdIGFWQjSeSGHo8kr_FCeZPKyNb&_nc_ohc=41mcMGpOOPQQ7kNvwGbG2qL&_nc_gid=Q19wgW9N__d6fZIwn7zrJg&edm=AI-cjbYBAAAA&ccb=7-5&oh=00_AfzpHUJKnbm4hM-yqr8nTFZE9HYVYu8HrRcGozozHt9kTg&oe=69AB53C0&_nc_sid=0985b0","22/02/2026, 12:02:34"
57335885196,"costa_9647",18122364889602756,"Já existe a esquerda onde eles vão com a política deles destrói tudo","https://www.instagram.com/costa_9647","https://instagram.fsdu8-2.fna.fbcdn.net/v/t51.2885-19/392734147_1869937070116796_6452763903408796854_n.jpg?stp=dst-jpg_s150x150_tt6&efg=eyJ2ZW5jb2RlX3RhZyI6InByb2ZpbGVfcGljLmRqYW5nby4xMDgwLmMyIn0&_nc_ht=instagram.fsdu8-2.fna.fbcdn.net&_nc_cat=108&_nc_oc=Q6cZ2QGHqs1QNYczEGtUbXQU8C0DlCq4wl2ktYbTEtgtBiHWWZ-qIlh53643gNU9oCdIGFWQjSeSGHo8kr_FCeZPKyNb&_nc_ohc=4mLdtzsGObkQ7kNvwEJTqM9&_nc_gid=Q19wgW9N__d6fZIwn7zrJg&edm=AI-cjbYBAAAA&ccb=7-5&oh=00_AfyCTpAPpBbxa3cCaMZs4xsfwG48qICFuPIRWsy439lrhQ&oe=69AB5D2C&_nc_sid=0985b0","22/02/2026, 19:20:15"
50836818675,"larprocaramelo",18056665667423752,"concordo","https://www.instagram.com/larprocaramelo","https://instagram.fsdu8-2.fna.fbcdn.net/v/t51.2885-19/270046468_436230124870256_1593179220722914538_n.jpg?stp=dst-jpg_s150x150_tt6&efg=eyJ2ZW5jb2RlX3RhZyI6InByb2ZpbGVfcGljLmRqYW5nby41MDcuYzIifQ&_nc_ht=instagram.fsdu8-2.fna.fbcdn.net&_nc_cat=108&_nc_oc=Q6cZ2QGHqs1QNYczEGtUbXQU8C0DlCq4wl2ktYbTEtgtBiHWWZ-qIlh53643gNU9oCdIGFWQjSeSGHo8kr_FCeZPKyNb&_nc_ohc=OxEmMpmBlBwQ7kNvwERblmN&_nc_gid=Q19wgW9N__d6fZIwn7zrJg&edm=AI-cjbYBAAAA&ccb=7-5&oh=00_AfwK8DYTYKNnt_lQ-JWL4AFGqAH5TsMQLucHB_1ovzhxPw&oe=69AB49F4&_nc_sid=0985b0","22/02/2026, 19:24:48"
7397050837,"jlsfiscal",18117473563612232,"Verdade","https://www.instagram.com/jlsfiscal","https://instagram.fsdu8-1.fna.fbcdn.net/v/t51.2885-19/472341984_1839284573275957_6331132323889161825_n.jpg?stp=dst-jpg_s150x150_tt6&efg=eyJ2ZW5jb2RlX3RhZyI6InByb2ZpbGVfcGljLmRqYW5nby4xMDgwLmMyIn0&_nc_ht=instagram.fsdu8-1.fna.fbcdn.net&_nc_cat=101&_nc_oc=Q6cZ2QGHqs1QNYczEGtUbXQU8C0DlCq4wl2ktYbTEtgtBiHWWZ-qIlh53643gNU9oCdIGFWQjSeSGHo8kr_FCeZPKyNb&_nc_ohc=bRudJnkWLS0Q7kNvwHe2H9j&_nc_gid=Q19wgW9N__d6fZIwn7zrJg&edm=AI-cjbYBAAAA&ccb=7-5&oh=00_AfwkNH0F8eT_AJFjLtO6uwznYgiZw1pfTMrSjstmRO_KOA&oe=69AB734F&_nc_sid=0985b0","22/02/2026, 20:38:00"
2334142299,"ricardogomesoficial_",18083108873250460,"Com certeza","https://www.instagram.com/ricardogomesoficial_","https://instagram.fsdu8-1.fna.fbcdn.net/v/t51.2885-19/487045348_674456098371784_5883890620794087054_n.jpg?stp=dst-jpg_s150x150_tt6&efg=eyJ2ZW5jb2RlX3RhZyI6InByb2ZpbGVfcGljLmRqYW5nby4xMDgwLmMyIn0&_nc_ht=instagram.fsdu8-1.fna.fbcdn.net&_nc_cat=104&_nc_oc=Q6cZ2QGHqs1QNYczEGtUbXQU8C0DlCq4wl2ktYbTEtgtBiHWWZ-qIlh53643gNU9oCdIGFWQjSeSGHo8kr_FCeZPKyNb&_nc_ohc=G4UuCS0ufHUQ7kNvwHD2s9l&_nc_gid=Q19wgW9N__d6fZIwn7zrJg&edm=AI-cjbYBAAAA&ccb=7-5&oh=00_Afz19rDM_5bj19PqcC_5pcctABRyAlGxn2ym3hElxZRO7A&oe=69AB5295&_nc_sid=0985b0","22/02/2026, 21:09:39"
63150123597,"denyyreis84",17900074788391032,"Exatamente","https://www.instagram.com/denyyreis84","https://instagram.fsdu8-1.fna.fbcdn.net/v/t51.82787-15/610673062_17937147357107598_7224024956176309747_n.jpg?stp=dst-jpg_s150x150_tt6&efg=eyJ2ZW5jb2RlX3RhZyI6InByb2ZpbGVfcGljLmRqYW5nby4xMDgwLmMyIn0&_nc_ht=instagram.fsdu8-1.fna.fbcdn.net&_nc_cat=106&_nc_oc=Q6cZ2QGHqs1QNYczEGtUbXQU8C0DlCq4wl2ktYbTEtgtBiHWWZ-qIlh53643gNU9oCdIGFWQjSeSGHo8kr_FCeZPKyNb&_nc_ohc=2GNCzUM9tjoQ7kNvwEscxIT&_nc_gid=Q19wgW9N__d6fZIwn7zrJg&edm=AI-cjbYBAAAA&ccb=7-5&oh=00_Afz7U7CHWmddsdTxJkPhMbe1vHOiwn7O9xgwAVbpblrB2g&oe=69AB531E&_nc_sid=0985b0","22/02/2026, 23:16:14"
3625691848,"mateusjbarros",17933334453189380,"🤦🏻‍♂️","https://www.instagram.com/mateusjbarros","https://instagram.fsdu8-1.fna.fbcdn.net/v/t51.82787-15/621416197_18406163956123849_4934040189264180397_n.jpg?stp=dst-jpg_s150x150_tt6&efg=eyJ2ZW5jb2RlX3RhZyI6InByb2ZpbGVfcGljLmRqYW5nby4xMDgwLmMyIn0&_nc_ht=instagram.fsdu8-1.fna.fbcdn.net&_nc_cat=101&_nc_oc=Q6cZ2QGHqs1QNYczEGtUbXQU8C0DlCq4wl2ktYbTEtgtBiHWWZ-qIlh53643gNU9oCdIGFWQjSeSGHo8kr_FCeZPKyNb&_nc_ohc=J-rcnLnISMUQ7kNvwFZWmXF&_nc_gid=Q19wgW9N__d6fZIwn7zrJg&edm=AI-cjbYBAAAA&ccb=7-5&oh=00_AfxeZU1XmwaYHkNWAQ9abz4vCh11OOjWZQInQFgPpUeCtg&oe=69AB59A3&_nc_sid=0985b0","23/02/2026, 00:36:48"
74640410066,"joseleandro.olv",18379603636093448,"Concordo bora lula bora Brasil","https://www.instagram.com/joseleandro.olv","https://instagram.fsdu8-1.fna.fbcdn.net/v/t51.82787-15/590402292_17868671661490067_1195011738009826820_n.jpg?stp=dst-jpg_s150x150_tt6&efg=eyJ2ZW5jb2RlX3RhZyI6InByb2ZpbGVfcGljLmRqYW5nby43MjAuYzIifQ&_nc_ht=instagram.fsdu8-1.fna.fbcdn.net&_nc_cat=111&_nc_oc=Q6cZ2QGHqs1QNYczEGtUbXQU8C0DlCq4wl2ktYbTEtgtBiHWWZ-qIlh53643gNU9oCdIGFWQjSeSGHo8kr_FCeZPKyNb&_nc_ohc=j1Dutxh4OlMQ7kNvwFCTodU&_nc_gid=Q19wgW9N__d6fZIwn7zrJg&edm=AI-cjbYBAAAA&ccb=7-5&oh=00_AfznRiu7XRA7rf5VWkM4vRb7mU2tT_dB2Xheb_-zq6LHrA&oe=69AB67F6&_nc_sid=0985b0","23/02/2026, 04:56:27"
80025298038,"jamerson_sousa6566",18065491115288136,"todo país que não tem bomba atômica  não é um país  seguro  não tem soberania  a qualquer  momento  ele pode ser  emvadido  por uma nação  nuclear kkk","https://www.instagram.com/jamerson_sousa6566","https://instagram.fsdu8-2.fna.fbcdn.net/v/t51.82787-15/610581977_17845932117666039_2766117179989266542_n.jpg?stp=dst-jpg_s150x150_tt6&efg=eyJ2ZW5jb2RlX3RhZyI6InByb2ZpbGVfcGljLmRqYW5nby42MDguYzIifQ&_nc_ht=instagram.fsdu8-2.fna.fbcdn.net&_nc_cat=103&_nc_oc=Q6cZ2QGHqs1QNYczEGtUbXQU8C0DlCq4wl2ktYbTEtgtBiHWWZ-qIlh53643gNU9oCdIGFWQjSeSGHo8kr_FCeZPKyNb&_nc_ohc=l6W7kbegQwoQ7kNvwHvqbVP&_nc_gid=Q19wgW9N__d6fZIwn7zrJg&edm=AI-cjbYBAAAA&ccb=7-5&oh=00_AfzJnZmzB_6iOJ-zgeFXWWoNOvm0TbRHrA_X5uNgxg4-mA&oe=69AB751D&_nc_sid=0985b0","23/02/2026, 08:04:22"
3612413706,"luisvitorino86",17911966599320462,"Bomba atômica é prioridade!!! Doutrina é só para quem segue uma religião. Falou muita m3rd4!!!","https://www.instagram.com/luisvitorino86","https://instagram.fsdu8-2.fna.fbcdn.net/v/t51.2885-19/300066151_153095410658252_7266436184931634826_n.jpg?stp=dst-jpg_s150x150_tt6&efg=eyJ2ZW5jb2RlX3RhZyI6InByb2ZpbGVfcGljLmRqYW5nby45MTMuYzIifQ&_nc_ht=instagram.fsdu8-2.fna.fbcdn.net&_nc_cat=108&_nc_oc=Q6cZ2QGHqs1QNYczEGtUbXQU8C0DlCq4wl2ktYbTEtgtBiHWWZ-qIlh53643gNU9oCdIGFWQjSeSGHo8kr_FCeZPKyNb&_nc_ohc=8WQs8Zx-JpIQ7kNvwHXIzVP&_nc_gid=Q19wgW9N__d6fZIwn7zrJg&edm=AI-cjbYBAAAA&ccb=7-5&oh=00_Afw9tZmolrb95IB2oSpZa8b4vvHydLfsX3NOzQAJJn2aKg&oe=69AB5CB5&_nc_sid=0985b0","23/02/2026, 08:55:01"
74078887112,"carl_apatriciade34",17959136577058056,"Pecados","https://www.instagram.com/carl_apatriciade34","https://instagram.fsdu8-2.fna.fbcdn.net/v/t51.82787-15/641794311_17880203598471113_4635999483484232460_n.jpg?stp=dst-jpg_s150x150_tt6&efg=eyJ2ZW5jb2RlX3RhZyI6InByb2ZpbGVfcGljLmRqYW5nby4xMDgwLmMyIn0&_nc_ht=instagram.fsdu8-2.fna.fbcdn.net&_nc_cat=105&_nc_oc=Q6cZ2QGHqs1QNYczEGtUbXQU8C0DlCq4wl2ktYbTEtgtBiHWWZ-qIlh53643gNU9oCdIGFWQjSeSGHo8kr_FCeZPKyNb&_nc_ohc=kxvQcvIrQcwQ7kNvwGqx1Yv&_nc_gid=Q19wgW9N__d6fZIwn7zrJg&edm=AI-cjbYBAAAA&ccb=7-5&oh=00_AfxGd7hbkmWczVl1JrIKig05WiSU6m2qhizRqOH_aF-8Xg&oe=69AB644D&_nc_sid=0985b0","23/02/2026, 09:56:46"
7231664639,"duzimex",18565696642048064,"Aí sim o EUA ia meter bomba na gente. A gente só é aceito pelos poderosos por sermos território neutro em termos de potência nuclear. Quando foram criadas as usinas nucleares aqui o mundo todo ficou contra pq tínhamos como extrair o urânio direto do nosso país e isso nos tornaria poderosos demais. Então o poderio nuclear congelou e ficou assim até hj. Ainda bem...","https://www.instagram.com/duzimex","https://instagram.fsdu8-2.fna.fbcdn.net/v/t51.2885-19/496183905_18302271625240640_2396105199541110366_n.jpg?stp=dst-jpg_s150x150_tt6&efg=eyJ2ZW5jb2RlX3RhZyI6InByb2ZpbGVfcGljLmRqYW5nby44MDIuYzIifQ&_nc_ht=instagram.fsdu8-2.fna.fbcdn.net&_nc_cat=108&_nc_oc=Q6cZ2QGHqs1QNYczEGtUbXQU8C0DlCq4wl2ktYbTEtgtBiHWWZ-qIlh53643gNU9oCdIGFWQjSeSGHo8kr_FCeZPKyNb&_nc_ohc=Oqx40AJ8ZRMQ7kNvwHlvLUM&_nc_gid=Q19wgW9N__d6fZIwn7zrJg&edm=AI-cjbYBAAAA&ccb=7-5&oh=00_AfwTTM-pW8-foGBVYC8gFQf9NIuoLzg031pbzwwAVs3JiA&oe=69AB5389&_nc_sid=0985b0","23/02/2026, 15:13:56"
7137911419,"camarada_izidoro",18037006280557044,"Sim, mas como fazer sem intromissão dos EUA?","https://www.instagram.com/camarada_izidoro","https://instagram.fsdu8-1.fna.fbcdn.net/v/t51.2885-19/315969204_650244896829258_7451427387790036723_n.jpg?stp=dst-jpg_s150x150_tt6&efg=eyJ2ZW5jb2RlX3RhZyI6InByb2ZpbGVfcGljLmRqYW5nby4xMDgwLmMyIn0&_nc_ht=instagram.fsdu8-1.fna.fbcdn.net&_nc_cat=106&_nc_oc=Q6cZ2QGHqs1QNYczEGtUbXQU8C0DlCq4wl2ktYbTEtgtBiHWWZ-qIlh53643gNU9oCdIGFWQjSeSGHo8kr_FCeZPKyNb&_nc_ohc=hM5P0D3xgmQQ7kNvwE5CH2e&_nc_gid=Q19wgW9N__d6fZIwn7zrJg&edm=AI-cjbYBAAAA&ccb=7-5&oh=00_AfxwoShrUf173KbWy-4PffrzEDmapzgRvh8l5b23WQ5t0g&oe=69AB48DD&_nc_sid=0985b0","23/02/2026, 15:14:27"
3425364382,"altairmeloqueiroz",18095304535983896,"Demorou soberania só e respeitada com força armadas até o dentes","https://www.instagram.com/altairmeloqueiroz","https://instagram.fsdu8-1.fna.fbcdn.net/v/t51.82787-15/539291832_18406697896116383_5592580885482296352_n.jpg?stp=dst-jpg_s150x150_tt6&efg=eyJ2ZW5jb2RlX3RhZyI6InByb2ZpbGVfcGljLmRqYW5nby4zMjAuYzIifQ&_nc_ht=instagram.fsdu8-1.fna.fbcdn.net&_nc_cat=111&_nc_oc=Q6cZ2QGHqs1QNYczEGtUbXQU8C0DlCq4wl2ktYbTEtgtBiHWWZ-qIlh53643gNU9oCdIGFWQjSeSGHo8kr_FCeZPKyNb&_nc_ohc=u4VXtD23X8cQ7kNvwGXi8km&_nc_gid=Q19wgW9N__d6fZIwn7zrJg&edm=AI-cjbYBAAAA&ccb=7-5&oh=00_Afxx17t3zD5xZnrBnKV_b4W3a1I1lZg0St9ipv8-hI-X5w&oe=69AB6893&_nc_sid=0985b0","23/02/2026, 18:25:29"
8150376274,"david.beserra.david",18082620998351512,"Meu nome é Enéas.","https://www.instagram.com/david.beserra.david","https://instagram.fsdu8-1.fna.fbcdn.net/v/t51.2885-19/473614349_569040709332418_5285872114865089341_n.jpg?stp=dst-jpg_s150x150_tt6&efg=eyJ2ZW5jb2RlX3RhZyI6InByb2ZpbGVfcGljLmRqYW5nby4xMDM2LmMyIn0&_nc_ht=instagram.fsdu8-1.fna.fbcdn.net&_nc_cat=110&_nc_oc=Q6cZ2QGHqs1QNYczEGtUbXQU8C0DlCq4wl2ktYbTEtgtBiHWWZ-qIlh53643gNU9oCdIGFWQjSeSGHo8kr_FCeZPKyNb&_nc_ohc=EI1EUC4_tI8Q7kNvwHDXLdg&_nc_gid=Q19wgW9N__d6fZIwn7zrJg&edm=AI-cjbYBAAAA&ccb=7-5&oh=00_AfyG0XqKDxtcDyeC34aP6Fp940PmjABNwRyH3eGyLgI4ew&oe=69AB5A7F&_nc_sid=0985b0","23/02/2026, 19:04:21"
73060531440,"edimerk69",18319023979265880,"Sim, não se garante soberania no grito e nem mais no diálogo.","https://www.instagram.com/edimerk69","https://instagram.fsdu8-2.fna.fbcdn.net/v/t51.82787-15/621108382_17884234842435441_8983802465701382773_n.jpg?stp=dst-jpg_s150x150_tt6&efg=eyJ2ZW5jb2RlX3RhZyI6InByb2ZpbGVfcGljLmRqYW5nby4xMDgwLmMyIn0&_nc_ht=instagram.fsdu8-2.fna.fbcdn.net&_nc_cat=109&_nc_oc=Q6cZ2QGHqs1QNYczEGtUbXQU8C0DlCq4wl2ktYbTEtgtBiHWWZ-qIlh53643gNU9oCdIGFWQjSeSGHo8kr_FCeZPKyNb&_nc_ohc=3c_ZypdqfjMQ7kNvwF86JIm&_nc_gid=Q19wgW9N__d6fZIwn7zrJg&edm=AI-cjbYBAAAA&ccb=7-5&oh=00_AfymbwH7UFbO12FEyLFi57zpQ9oAcq2ipU9tne_Ph3iMSw&oe=69AB4B86&_nc_sid=0985b0","23/02/2026, 20:23:53"
4339410326,"pietrismos",18122386771567736,"Vc quer mesmo colocar uma bomba atomica na mão dos militares? Os mesmos militares que nos torturaram e quebraram o Brasil?","https://www.instagram.com/pietrismos","https://instagram.fsdu8-2.fna.fbcdn.net/v/t51.82787-15/580669823_18381410116146327_2465087860019621458_n.jpg?stp=dst-jpg_s150x150_tt6&efg=eyJ2ZW5jb2RlX3RhZyI6InByb2ZpbGVfcGljLmRqYW5nby4xMDgwLmMyIn0&_nc_ht=instagram.fsdu8-2.fna.fbcdn.net&_nc_cat=103&_nc_oc=Q6cZ2QGHqs1QNYczEGtUbXQU8C0DlCq4wl2ktYbTEtgtBiHWWZ-qIlh53643gNU9oCdIGFWQjSeSGHo8kr_FCeZPKyNb&_nc_ohc=Ui-ZMBziMKkQ7kNvwFpQQj-&_nc_gid=Q19wgW9N__d6fZIwn7zrJg&edm=AI-cjbYBAAAA&ccb=7-5&oh=00_Afwaf02ebJ4hSNUjB6_5gSLMy0ECHLVmwbjcVPLfhHX7kQ&oe=69AB4779&_nc_sid=0985b0","23/02/2026, 23:16:34"
1601223082,"edil_timo",18106140115831640,"Apoio","https://www.instagram.com/edil_timo","https://instagram.fsdu8-2.fna.fbcdn.net/v/t51.82787-15/640129090_18569040916007083_6326917659560351065_n.jpg?stp=dst-jpg_s150x150_tt6&efg=eyJ2ZW5jb2RlX3RhZyI6InByb2ZpbGVfcGljLmRqYW5nby4xMDgwLmMyIn0&_nc_ht=instagram.fsdu8-2.fna.fbcdn.net&_nc_cat=107&_nc_oc=Q6cZ2QGHqs1QNYczEGtUbXQU8C0DlCq4wl2ktYbTEtgtBiHWWZ-qIlh53643gNU9oCdIGFWQjSeSGHo8kr_FCeZPKyNb&_nc_ohc=KqhJJTsFmD4Q7kNvwFTixST&_nc_gid=Q19wgW9N__d6fZIwn7zrJg&edm=AI-cjbYBAAAA&ccb=7-5&oh=00_AfxJDOudRtnNG-tiHfGnGE8vBmlLot5dMOjsUws2A0eeYg&oe=69AB6274&_nc_sid=0985b0","24/02/2026, 11:36:07"
27934766423,"carlos.b.kl",17875877085530784,"Antes tem que combinar com os EUA 😂😂😂😂😂😂","https://www.instagram.com/carlos.b.kl","https://instagram.fsdu8-1.fna.fbcdn.net/v/t51.2885-19/80769968_586699868575333_8539463452052160512_n.jpg?stp=dst-jpg_s150x150_tt6&efg=eyJ2ZW5jb2RlX3RhZyI6InByb2ZpbGVfcGljLmRqYW5nby42MjAuYzIifQ&_nc_ht=instagram.fsdu8-1.fna.fbcdn.net&_nc_cat=101&_nc_oc=Q6cZ2QGHqs1QNYczEGtUbXQU8C0DlCq4wl2ktYbTEtgtBiHWWZ-qIlh53643gNU9oCdIGFWQjSeSGHo8kr_FCeZPKyNb&_nc_ohc=fV7kF_KkJckQ7kNvwEladVW&_nc_gid=Q19wgW9N__d6fZIwn7zrJg&edm=AI-cjbYBAAAA&ccb=7-5&oh=00_Afx9EzdRqQBO4YDiMQ1oc8cYq71NSQfMO934tgX2lEsMGw&oe=69AB43A7&_nc_sid=0985b0","24/02/2026, 12:36:24"
1125205617,"hpohpo13",18065830292302616,"Demorou. Senão voltamos a escravidão!","https://www.instagram.com/hpohpo13","https://instagram.fsdu8-1.fna.fbcdn.net/v/t51.82787-15/606416564_18553537822021618_1051241876411983779_n.jpg?stp=dst-jpg_s150x150_tt6&efg=eyJ2ZW5jb2RlX3RhZyI6InByb2ZpbGVfcGljLmRqYW5nby4xMDgwLmMyIn0&_nc_ht=instagram.fsdu8-1.fna.fbcdn.net&_nc_cat=110&_nc_oc=Q6cZ2QGHqs1QNYczEGtUbXQU8C0DlCq4wl2ktYbTEtgtBiHWWZ-qIlh53643gNU9oCdIGFWQjSeSGHo8kr_FCeZPKyNb&_nc_ohc=tRlhWwZkRrMQ7kNvwFOU64e&_nc_gid=Q19wgW9N__d6fZIwn7zrJg&edm=AI-cjbYBAAAA&ccb=7-5&oh=00_AfwtmVTSPMddeG9AhhmeGOsPGmnoJCw-e1ND6Z5RE4Jp8A&oe=69AB4049&_nc_sid=0985b0","24/02/2026, 13:44:28"
69823107731,"edvaldorachope",18081124634600040,"Prá que serve tanta riqueza o povo nunca fica com nada.","https://www.instagram.com/edvaldorachope","https://instagram.fsdu8-1.fna.fbcdn.net/v/t51.2885-19/465306660_8467102486743782_3370623261767400842_n.jpg?stp=dst-jpg_s150x150_tt6&efg=eyJ2ZW5jb2RlX3RhZyI6InByb2ZpbGVfcGljLmRqYW5nby4zNTAuYzIifQ&_nc_ht=instagram.fsdu8-1.fna.fbcdn.net&_nc_cat=102&_nc_oc=Q6cZ2QGHqs1QNYczEGtUbXQU8C0DlCq4wl2ktYbTEtgtBiHWWZ-qIlh53643gNU9oCdIGFWQjSeSGHo8kr_FCeZPKyNb&_nc_ohc=6WR06LhzWf4Q7kNvwHsh2Rj&_nc_gid=Q19wgW9N__d6fZIwn7zrJg&edm=AI-cjbYBAAAA&ccb=7-5&oh=00_AfxW6BCu29Ztolz6KyzVONdzkVFB18nv4ZMBEQdWeU2D4A&oe=69AB692B&_nc_sid=0985b0","24/02/2026, 16:59:57"
75098784555,"vini.b.r",18096301642981056,"Verdade inconveniente","https://www.instagram.com/vini.b.r","https://instagram.fsdu8-2.fna.fbcdn.net/v/t51.82787-15/609086851_17871918999496556_555092830921918785_n.jpg?stp=dst-jpg_s150x150_tt6&efg=eyJ2ZW5jb2RlX3RhZyI6InByb2ZpbGVfcGljLmRqYW5nby4xMDgwLmMyIn0&_nc_ht=instagram.fsdu8-2.fna.fbcdn.net&_nc_cat=108&_nc_oc=Q6cZ2QGHqs1QNYczEGtUbXQU8C0DlCq4wl2ktYbTEtgtBiHWWZ-qIlh53643gNU9oCdIGFWQjSeSGHo8kr_FCeZPKyNb&_nc_ohc=g4dF8eSJ9boQ7kNvwHqYc6d&_nc_gid=Q19wgW9N__d6fZIwn7zrJg&edm=AI-cjbYBAAAA&ccb=7-5&oh=00_AfyfsOROvm504SYmK7xLkM5oc2wuQKnxz21CHbCZg4V0EA&oe=69AB46BB&_nc_sid=0985b0","24/02/2026, 18:22:50"
7320355030,"helenabvidal",17849593704684886,"Esquece essa utopia nem a própria esquerda concorda com essa maluquice comunista 😂😂😂","https://www.instagram.com/helenabvidal","https://instagram.fsdu8-1.fna.fbcdn.net/v/t51.2885-19/289832350_157593260133265_5291920888125230201_n.jpg?stp=dst-jpg_s150x150_tt6&efg=eyJ2ZW5jb2RlX3RhZyI6InByb2ZpbGVfcGljLmRqYW5nby4xMDgwLmMyIn0&_nc_ht=instagram.fsdu8-1.fna.fbcdn.net&_nc_cat=101&_nc_oc=Q6cZ2QGHqs1QNYczEGtUbXQU8C0DlCq4wl2ktYbTEtgtBiHWWZ-qIlh53643gNU9oCdIGFWQjSeSGHo8kr_FCeZPKyNb&_nc_ohc=7cj351EdMrQQ7kNvwGWWBz_&_nc_gid=Q19wgW9N__d6fZIwn7zrJg&edm=AI-cjbYBAAAA&ccb=7-5&oh=00_AfwJ9xXWtSNQz3fPRFXfaG0fXIpeVsE1GWKBl6inj_cMNA&oe=69AB43EA&_nc_sid=0985b0","25/02/2026, 06:35:30"
7320355030,"helenabvidal",18077944592615048,"Industrialização de verdade pq nossa indústria é uma piada que se apoia em subsídio do governo e monopólio através de imposto de importação sobre algo que eles nem produzem, isso atrasa todo o desenvolvimento nacional, com isso mais um programa nuclear sério o país tem tudo para ser uma das potências globais.","https://www.instagram.com/helenabvidal","https://instagram.fsdu8-1.fna.fbcdn.net/v/t51.2885-19/289832350_157593260133265_5291920888125230201_n.jpg?stp=dst-jpg_s150x150_tt6&efg=eyJ2ZW5jb2RlX3RhZyI6InByb2ZpbGVfcGljLmRqYW5nby4xMDgwLmMyIn0&_nc_ht=instagram.fsdu8-1.fna.fbcdn.net&_nc_cat=101&_nc_oc=Q6cZ2QGHqs1QNYczEGtUbXQU8C0DlCq4wl2ktYbTEtgtBiHWWZ-qIlh53643gNU9oCdIGFWQjSeSGHo8kr_FCeZPKyNb&_nc_ohc=7cj351EdMrQQ7kNvwGWWBz_&_nc_gid=Q19wgW9N__d6fZIwn7zrJg&edm=AI-cjbYBAAAA&ccb=7-5&oh=00_AfwJ9xXWtSNQz3fPRFXfaG0fXIpeVsE1GWKBl6inj_cMNA&oe=69AB43EA&_nc_sid=0985b0","25/02/2026, 06:39:52"
61253532435,"phj.academy",18105159343655600,"Agora, Enéias falava isso o tempo todo e geral criticava ele e chamava de lunático, cambada","https://www.instagram.com/phj.academy","https://instagram.fsdu8-1.fna.fbcdn.net/v/t51.2885-19/365748449_303018582214463_5603880028011967789_n.jpg?stp=dst-jpg_s150x150_tt6&efg=eyJ2ZW5jb2RlX3RhZyI6InByb2ZpbGVfcGljLmRqYW5nby4xMDgwLmMyIn0&_nc_ht=instagram.fsdu8-1.fna.fbcdn.net&_nc_cat=111&_nc_oc=Q6cZ2QGHqs1QNYczEGtUbXQU8C0DlCq4wl2ktYbTEtgtBiHWWZ-qIlh53643gNU9oCdIGFWQjSeSGHo8kr_FCeZPKyNb&_nc_ohc=MGZlcG_8DyQQ7kNvwGmMgsH&_nc_gid=Q19wgW9N__d6fZIwn7zrJg&edm=AI-cjbYBAAAA&ccb=7-5&oh=00_AfxXMb652KAtgE3-s88NK6lzbHHCC_wL1VyFlgicKp6juA&oe=69AB47DA&_nc_sid=0985b0","25/02/2026, 09:57:49"
1636565484,"fabiowsousa71",17877596307500340,"Claro, pode até deixar de puxar saco de americanos😂😂😂😂","https://www.instagram.com/fabiowsousa71","https://instagram.fsdu8-2.fna.fbcdn.net/v/t51.82787-15/561615853_18530695954021485_1693351301838557184_n.jpg?stp=dst-jpg_s150x150_tt6&efg=eyJ2ZW5jb2RlX3RhZyI6InByb2ZpbGVfcGljLmRqYW5nby4xMDgwLmMyIn0&_nc_ht=instagram.fsdu8-2.fna.fbcdn.net&_nc_cat=109&_nc_oc=Q6cZ2QGHqs1QNYczEGtUbXQU8C0DlCq4wl2ktYbTEtgtBiHWWZ-qIlh53643gNU9oCdIGFWQjSeSGHo8kr_FCeZPKyNb&_nc_ohc=VsH_9OqnAo4Q7kNvwF3TiOG&_nc_gid=Q19wgW9N__d6fZIwn7zrJg&edm=AI-cjbYBAAAA&ccb=7-5&oh=00_Afwf9RP_QI2Y2HmS_Qu3O56WaR5IC5izQUB2X4JLLEIt7A&oe=69AB4474&_nc_sid=0985b0","25/02/2026, 13:15:19"
1783342304,"rafaelbtf",17953642584083572,"O Enéas sempre falou isso e o taxaram de maluco.","https://www.instagram.com/rafaelbtf","https://instagram.fsdu8-1.fna.fbcdn.net/v/t51.82787-15/528663957_18520849726046305_4309413903359338741_n.jpg?stp=dst-jpg_s150x150_tt6&efg=eyJ2ZW5jb2RlX3RhZyI6InByb2ZpbGVfcGljLmRqYW5nby4xMDgwLmMyIn0&_nc_ht=instagram.fsdu8-1.fna.fbcdn.net&_nc_cat=101&_nc_oc=Q6cZ2QGHqs1QNYczEGtUbXQU8C0DlCq4wl2ktYbTEtgtBiHWWZ-qIlh53643gNU9oCdIGFWQjSeSGHo8kr_FCeZPKyNb&_nc_ohc=M0Yfr4TjcRoQ7kNvwGCZOMG&_nc_gid=Q19wgW9N__d6fZIwn7zrJg&edm=AI-cjbYBAAAA&ccb=7-5&oh=00_AfwtTMwgZY5tLEiLh5H48mFW7a_ymeGMyKeO1Le883oB0g&oe=69AB6AAF&_nc_sid=0985b0","25/02/2026, 17:09:20"
7471318055,"joseguedessantos",18096992956938792,"Não está tendo gasolina.....","https://www.instagram.com/joseguedessantos","https://instagram.fsdu8-2.fna.fbcdn.net/v/t51.2885-19/253477262_256764793053979_7911580147880829994_n.jpg?stp=dst-jpg_s150x150_tt6&efg=eyJ2ZW5jb2RlX3RhZyI6InByb2ZpbGVfcGljLmRqYW5nby40MjAuYzIifQ&_nc_ht=instagram.fsdu8-2.fna.fbcdn.net&_nc_cat=107&_nc_oc=Q6cZ2QGHqs1QNYczEGtUbXQU8C0DlCq4wl2ktYbTEtgtBiHWWZ-qIlh53643gNU9oCdIGFWQjSeSGHo8kr_FCeZPKyNb&_nc_ohc=2CXWDoD6MA8Q7kNvwHXIVrl&_nc_gid=Q19wgW9N__d6fZIwn7zrJg&edm=AI-cjbYBAAAA&ccb=7-5&oh=00_AfwlGXX8a6kM2hW9JYhFzThDjbMLHv-hCKVC8fvpu5OHtQ&oe=69AB5FF2&_nc_sid=0985b0","25/02/2026, 20:43:53"
68312305385,"carusoglauco",18452770789098888,"Papo furado.","https://www.instagram.com/carusoglauco","https://instagram.fsdu8-1.fna.fbcdn.net/v/t51.2885-19/494266335_17882708403273386_4547224332136484402_n.jpg?stp=dst-jpg_s150x150_tt6&efg=eyJ2ZW5jb2RlX3RhZyI6InByb2ZpbGVfcGljLmRqYW5nby4xMDgwLmMyIn0&_nc_ht=instagram.fsdu8-1.fna.fbcdn.net&_nc_cat=102&_nc_oc=Q6cZ2QGHqs1QNYczEGtUbXQU8C0DlCq4wl2ktYbTEtgtBiHWWZ-qIlh53643gNU9oCdIGFWQjSeSGHo8kr_FCeZPKyNb&_nc_ohc=WFFn9mDpy6QQ7kNvwHzozp9&_nc_gid=Q19wgW9N__d6fZIwn7zrJg&edm=AI-cjbYBAAAA&ccb=7-5&oh=00_AfxZi23U5Srp_wvnEgWckrdv_Ku0EH-qyj7ZPGrA96Vq6Q&oe=69AB6D4E&_nc_sid=0985b0","25/02/2026, 22:56:22"
8556298817,"artursilva17_",18113147209659644,"Aí tu acha que Brasil não tem 😂😂","https://www.instagram.com/artursilva17_","https://instagram.fsdu8-1.fna.fbcdn.net/v/t51.82787-15/571942381_18294439291282818_933245400137065095_n.jpg?stp=dst-jpg_s150x150_tt6&efg=eyJ2ZW5jb2RlX3RhZyI6InByb2ZpbGVfcGljLmRqYW5nby4xMDgwLmMyIn0&_nc_ht=instagram.fsdu8-1.fna.fbcdn.net&_nc_cat=106&_nc_oc=Q6cZ2QGHqs1QNYczEGtUbXQU8C0DlCq4wl2ktYbTEtgtBiHWWZ-qIlh53643gNU9oCdIGFWQjSeSGHo8kr_FCeZPKyNb&_nc_ohc=vxNSFT8sR7kQ7kNvwHfs3hi&_nc_gid=Q19wgW9N__d6fZIwn7zrJg&edm=AI-cjbYBAAAA&ccb=7-5&oh=00_AfxSy_LzPVEEdPEQGjDjff2KLKOssSqr7XceUGA8XF7nCQ&oe=69AB708A&_nc_sid=0985b0","26/02/2026, 01:23:58"
46297898227,"on_off_aventure",18106491691699320,"É necessário","https://www.instagram.com/on_off_aventure","https://instagram.fsdu8-2.fna.fbcdn.net/v/t51.82787-15/586999423_18059970977538228_8450610090686548784_n.jpg?stp=dst-jpg_s150x150_tt6&efg=eyJ2ZW5jb2RlX3RhZyI6InByb2ZpbGVfcGljLmRqYW5nby4xMDIyLmMyIn0&_nc_ht=instagram.fsdu8-2.fna.fbcdn.net&_nc_cat=100&_nc_oc=Q6cZ2QGHqs1QNYczEGtUbXQU8C0DlCq4wl2ktYbTEtgtBiHWWZ-qIlh53643gNU9oCdIGFWQjSeSGHo8kr_FCeZPKyNb&_nc_ohc=MNTKmm-uPEEQ7kNvwG5mU3o&_nc_gid=Q19wgW9N__d6fZIwn7zrJg&edm=AI-cjbYBAAAA&ccb=7-5&oh=00_Afyb3tJzacEgmKHjgeGQaXAyfjScW6hPsIAGTtWiMNIbIA&oe=69AB740F&_nc_sid=0985b0","26/02/2026, 07:27:51"
1906721601,"velao0o_g",18077032739097152,"Vai que a gente já tem 👀","https://www.instagram.com/velao0o_g","https://instagram.fsdu8-2.fna.fbcdn.net/v/t51.2885-19/353655525_662874692521673_3758554685442833443_n.jpg?stp=dst-jpg_s150x150_tt6&efg=eyJ2ZW5jb2RlX3RhZyI6InByb2ZpbGVfcGljLmRqYW5nby4xMDQxLmMyIn0&_nc_ht=instagram.fsdu8-2.fna.fbcdn.net&_nc_cat=105&_nc_oc=Q6cZ2QGHqs1QNYczEGtUbXQU8C0DlCq4wl2ktYbTEtgtBiHWWZ-qIlh53643gNU9oCdIGFWQjSeSGHo8kr_FCeZPKyNb&_nc_ohc=hWvVCZMSKeEQ7kNvwGHQZco&_nc_gid=Q19wgW9N__d6fZIwn7zrJg&edm=AI-cjbYBAAAA&ccb=7-5&oh=00_AfygS0LeUy8zFodAon2NY2BAnHCduSCQsnovaE89WyQdHg&oe=69AB7762&_nc_sid=0985b0","26/02/2026, 08:34:10"
47205065404,"paul_santos1604",18187299652317980,"Concordo","https://www.instagram.com/paul_santos1604","https://instagram.fsdu8-1.fna.fbcdn.net/v/t51.82787-15/638897976_18072203993569405_6083919279404694356_n.jpg?stp=dst-jpg_s150x150_tt6&efg=eyJ2ZW5jb2RlX3RhZyI6InByb2ZpbGVfcGljLmRqYW5nby4xMDgwLmMyIn0&_nc_ht=instagram.fsdu8-1.fna.fbcdn.net&_nc_cat=101&_nc_oc=Q6cZ2QGHqs1QNYczEGtUbXQU8C0DlCq4wl2ktYbTEtgtBiHWWZ-qIlh53643gNU9oCdIGFWQjSeSGHo8kr_FCeZPKyNb&_nc_ohc=LfBqlvWP5LAQ7kNvwEwqOcw&_nc_gid=Q19wgW9N__d6fZIwn7zrJg&edm=AI-cjbYBAAAA&ccb=7-5&oh=00_AfzJsOhp62xeDvVh-KjFKh1uySbT6gkX8IQzwPDh8QigQA&oe=69AB40C8&_nc_sid=0985b0","26/02/2026, 09:47:50"
70111775190,"lucasilvap95",17917121973122380,"Políticos brasileiros sao medíocres nao fasem isso","https://www.instagram.com/lucasilvap95","https://instagram.ftrc1-1.fna.fbcdn.net/v/t51.2885-19/573323465_1219825463302212_7278921664109726296_n.png?stp=dst-jpg_e0_s150x150_tt6&efg=eyJ2ZW5jb2RlX3RhZyI6InByb2ZpbGVfcGljLmRqYW5nby4xNTAuYzIifQ&_nc_ht=instagram.ftrc1-1.fna.fbcdn.net&_nc_cat=1&_nc_oc=Q6cZ2QEI12T0s8IsmPDV0edlEFQtQfPZM2jmW_Kz5VgwAP_vXmNmNVFRpJwbpIHTSGxP1vMHKBsVWOsCxyLdslx5Eddg&_nc_ohc=dX_ukDApEEMQ7kNvwG2XbP-&_nc_gid=MWPiLZDZh-4z697EDituNg&edm=AL4D0a4BAAAA&ccb=7-5&ig_cache_key=YW5vbnltb3VzX3Byb2ZpbGVfcGlj.3-ccb7-5&oh=00_AfyO9O8qRXS_mOP185I29GmVSLscZ8433i9GiFx8GyDuqg&oe=69AB6EEA&_nc_sid=9e8221","26/02/2026, 12:51:18"
79303104440,"alexscomercial",17955186473935832,"Sim","https://www.instagram.com/alexscomercial","https://instagram.fsdu8-1.fna.fbcdn.net/v/t51.82787-15/591163969_17842197198640441_8527442899069891214_n.jpg?stp=dst-jpg_s150x150_tt6&efg=eyJ2ZW5jb2RlX3RhZyI6InByb2ZpbGVfcGljLmRqYW5nby4xMDgwLmMyIn0&_nc_ht=instagram.fsdu8-1.fna.fbcdn.net&_nc_cat=101&_nc_oc=Q6cZ2QGHqs1QNYczEGtUbXQU8C0DlCq4wl2ktYbTEtgtBiHWWZ-qIlh53643gNU9oCdIGFWQjSeSGHo8kr_FCeZPKyNb&_nc_ohc=u6qPa9Nmqz0Q7kNvwFHZKjt&_nc_gid=Q19wgW9N__d6fZIwn7zrJg&edm=AI-cjbYBAAAA&ccb=7-5&oh=00_AfzLZ9-0GDUgeESLb4XCfceR8V57-Bmqfdjm0xEN1Rfplw&oe=69AB5E3B&_nc_sid=0985b0","26/02/2026, 19:27:23"
2294177782,"joao.gustaavo",17920292718254322,"By: Enéas Carneiro","https://www.instagram.com/joao.gustaavo","https://instagram.fsdu8-1.fna.fbcdn.net/v/t51.82787-15/534603132_18480006808073783_243820173740256222_n.jpg?stp=dst-jpg_s150x150_tt6&efg=eyJ2ZW5jb2RlX3RhZyI6InByb2ZpbGVfcGljLmRqYW5nby4xMDgwLmMyIn0&_nc_ht=instagram.fsdu8-1.fna.fbcdn.net&_nc_cat=111&_nc_oc=Q6cZ2QGHqs1QNYczEGtUbXQU8C0DlCq4wl2ktYbTEtgtBiHWWZ-qIlh53643gNU9oCdIGFWQjSeSGHo8kr_FCeZPKyNb&_nc_ohc=Ds0Ozq9aevUQ7kNvwF9WK4Q&_nc_gid=Q19wgW9N__d6fZIwn7zrJg&edm=AI-cjbYBAAAA&ccb=7-5&oh=00_Afzd7MdTElNjNxWRz1Y0BRLdBIWnAnScZhXjTywnQhvDyw&oe=69AB7098&_nc_sid=0985b0","27/02/2026, 13:25:17"
76341841167,"dejesusrosalia113",18073727888151460,"Deus está afrente de tudo 🙌🇧🇷","https://www.instagram.com/dejesusrosalia113","https://instagram.fsdu8-2.fna.fbcdn.net/v/t51.82787-15/524338443_17842338870545168_240696365646305944_n.jpg?stp=dst-jpg_s150x150_tt6&efg=eyJ2ZW5jb2RlX3RhZyI6InByb2ZpbGVfcGljLmRqYW5nby4xMDgwLmMyIn0&_nc_ht=instagram.fsdu8-2.fna.fbcdn.net&_nc_cat=108&_nc_oc=Q6cZ2QGHqs1QNYczEGtUbXQU8C0DlCq4wl2ktYbTEtgtBiHWWZ-qIlh53643gNU9oCdIGFWQjSeSGHo8kr_FCeZPKyNb&_nc_ohc=dOlq__dCj88Q7kNvwGz6DMw&_nc_gid=Q19wgW9N__d6fZIwn7zrJg&edm=AI-cjbYBAAAA&ccb=7-5&oh=00_AfxEusr-3skrgl3s4JIty_Q82HDxVd0NWhxCodEXrzbhqw&oe=69AB6FF3&_nc_sid=0985b0","27/02/2026, 20:38:37"
507780874,"grecchipc",18095245885964288,"Antes q os EUA inventem algo aqui!","https://www.instagram.com/grecchipc","https://instagram.fsdu8-1.fna.fbcdn.net/v/t51.2885-19/459112053_811690811129723_3330690081304716393_n.jpg?stp=dst-jpg_s150x150_tt6&efg=eyJ2ZW5jb2RlX3RhZyI6InByb2ZpbGVfcGljLmRqYW5nby4xMDgwLmMyIn0&_nc_ht=instagram.fsdu8-1.fna.fbcdn.net&_nc_cat=111&_nc_oc=Q6cZ2QGHqs1QNYczEGtUbXQU8C0DlCq4wl2ktYbTEtgtBiHWWZ-qIlh53643gNU9oCdIGFWQjSeSGHo8kr_FCeZPKyNb&_nc_ohc=ZWR4Wc0ry1wQ7kNvwEFq7lf&_nc_gid=Q19wgW9N__d6fZIwn7zrJg&edm=AI-cjbYBAAAA&ccb=7-5&oh=00_AfyJA4m1CsTXn1gRawx-DJSFAtXPrI5di7KpCODMuhASzg&oe=69AB634D&_nc_sid=0985b0","28/02/2026, 09:22:04"
68082277092,"luizde1611",18563913865037020,"😂😂😂😂😂 e mesmo  mais quando  o Enéias  falou a esquerda  foi contra  falou que ele era doido kkkkkk Brasil  não tem nei exército  nei navios  de guerra  aviões  de 3 vai falar de bomba 😂😂😂😂😂","https://www.instagram.com/luizde1611","https://instagram.fsdu8-2.fna.fbcdn.net/v/t51.82787-15/632190066_17917762266269093_6401368912008372849_n.jpg?stp=dst-jpg_s150x150_tt6&efg=eyJ2ZW5jb2RlX3RhZyI6InByb2ZpbGVfcGljLmRqYW5nby4xMDgwLmMyIn0&_nc_ht=instagram.fsdu8-2.fna.fbcdn.net&_nc_cat=105&_nc_oc=Q6cZ2QGHqs1QNYczEGtUbXQU8C0DlCq4wl2ktYbTEtgtBiHWWZ-qIlh53643gNU9oCdIGFWQjSeSGHo8kr_FCeZPKyNb&_nc_ohc=454rf3vRWoQQ7kNvwFA0njz&_nc_gid=Q19wgW9N__d6fZIwn7zrJg&edm=AI-cjbYBAAAA&ccb=7-5&oh=00_Afw1HD8Psxn1VnhC2B3SHq_KDM8j1yedPupjLrkmRAKhAQ&oe=69AB41A0&_nc_sid=0985b0","28/02/2026, 10:10:45"
47358445169,"erickson.rodrigues.735944",18341016229211472,"Concordo plenamente.","https://www.instagram.com/erickson.rodrigues.735944","https://instagram.fsdu8-1.fna.fbcdn.net/v/t51.82787-15/564851157_18068666018581170_129936619509155440_n.jpg?stp=dst-jpg_s150x150_tt6&efg=eyJ2ZW5jb2RlX3RhZyI6InByb2ZpbGVfcGljLmRqYW5nby4xMDgwLmMyIn0&_nc_ht=instagram.fsdu8-1.fna.fbcdn.net&_nc_cat=106&_nc_oc=Q6cZ2QGHqs1QNYczEGtUbXQU8C0DlCq4wl2ktYbTEtgtBiHWWZ-qIlh53643gNU9oCdIGFWQjSeSGHo8kr_FCeZPKyNb&_nc_ohc=9lKWBD2WiwUQ7kNvwEjDfPw&_nc_gid=Q19wgW9N__d6fZIwn7zrJg&edm=AI-cjbYBAAAA&ccb=7-5&oh=00_AfxSdM3-g7xkbUx3TpoUKhS0cJujgdRX1GDyagpcsYzjtw&oe=69AB63A4&_nc_sid=0985b0","28/02/2026, 12:47:04"
54865296125,"albertojorgesilva",18145746346461488,"Precisa de uma bomba pra cair no senado e na câmara isso sim!!!!","https://www.instagram.com/albertojorgesilva","https://instagram.fsdu8-1.fna.fbcdn.net/v/t51.2885-19/299997581_5682537998476120_396123878916359221_n.jpg?stp=dst-jpg_s150x150_tt6&efg=eyJ2ZW5jb2RlX3RhZyI6InByb2ZpbGVfcGljLmRqYW5nby43MTguYzIifQ&_nc_ht=instagram.fsdu8-1.fna.fbcdn.net&_nc_cat=104&_nc_oc=Q6cZ2QGHqs1QNYczEGtUbXQU8C0DlCq4wl2ktYbTEtgtBiHWWZ-qIlh53643gNU9oCdIGFWQjSeSGHo8kr_FCeZPKyNb&_nc_ohc=Ca-8lW9zkogQ7kNvwF8AoeP&_nc_gid=Q19wgW9N__d6fZIwn7zrJg&edm=AI-cjbYBAAAA&ccb=7-5&oh=00_AfzGtqJK3ofnFu4sywGjGO359vqxd-ysIHAmqdzV8uoIvw&oe=69AB539C&_nc_sid=0985b0","28/02/2026, 14:41:10"
53138299595,"carneirovaldairhalat",18058038986400096,"Com certeza. Urânio temos de sobra","https://www.instagram.com/carneirovaldairhalat","https://instagram.fsdu8-2.fna.fbcdn.net/v/t51.2885-19/342926029_546449210974567_881260795774284165_n.jpg?stp=dst-jpg_s150x150_tt6&efg=eyJ2ZW5jb2RlX3RhZyI6InByb2ZpbGVfcGljLmRqYW5nby43MjAuYzIifQ&_nc_ht=instagram.fsdu8-2.fna.fbcdn.net&_nc_cat=107&_nc_oc=Q6cZ2QGHqs1QNYczEGtUbXQU8C0DlCq4wl2ktYbTEtgtBiHWWZ-qIlh53643gNU9oCdIGFWQjSeSGHo8kr_FCeZPKyNb&_nc_ohc=HHC31xZZlt4Q7kNvwHvv1xM&_nc_gid=Q19wgW9N__d6fZIwn7zrJg&edm=AI-cjbYBAAAA&ccb=7-5&oh=00_Afz8rc1WN62rbjGVQQmNEXARC7NzNAicekeApe5jDatBwg&oe=69AB3FC5&_nc_sid=0985b0","28/02/2026, 18:09:47"
4322180994,"brunocosta2126",18453319585100280,"O Brasil precisa é de tudo inclusive treinamento pros reservista 🚀","https://www.instagram.com/brunocosta2126","https://instagram.fsdu8-2.fna.fbcdn.net/v/t51.2885-19/374201883_296365519648148_6110424064793376867_n.jpg?stp=dst-jpg_s150x150_tt6&efg=eyJ2ZW5jb2RlX3RhZyI6InByb2ZpbGVfcGljLmRqYW5nby40NzguYzIifQ&_nc_ht=instagram.fsdu8-2.fna.fbcdn.net&_nc_cat=108&_nc_oc=Q6cZ2QGHqs1QNYczEGtUbXQU8C0DlCq4wl2ktYbTEtgtBiHWWZ-qIlh53643gNU9oCdIGFWQjSeSGHo8kr_FCeZPKyNb&_nc_ohc=ioM0POx5IXIQ7kNvwEe794q&_nc_gid=Q19wgW9N__d6fZIwn7zrJg&edm=AI-cjbYBAAAA&ccb=7-5&oh=00_AfzMatlbsjouY6upaXIDgLyenUe6u8_gmDxP_P9Yj-JHiA&oe=69AB4E5A&_nc_sid=0985b0","28/02/2026, 22:20:53"
36835700046,"kozo.hirata",17921805723255152,"Urgente","https://www.instagram.com/kozo.hirata","https://instagram.fsdu8-2.fna.fbcdn.net/v/t51.2885-19/101985046_735620597208224_3051059134139533727_n.jpg?stp=dst-jpg_s150x150_tt6&efg=eyJ2ZW5jb2RlX3RhZyI6InByb2ZpbGVfcGljLmRqYW5nby4zNTUuYzIifQ&_nc_ht=instagram.fsdu8-2.fna.fbcdn.net&_nc_cat=108&_nc_oc=Q6cZ2QGHqs1QNYczEGtUbXQU8C0DlCq4wl2ktYbTEtgtBiHWWZ-qIlh53643gNU9oCdIGFWQjSeSGHo8kr_FCeZPKyNb&_nc_ohc=Bogon0TdrVkQ7kNvwGz3YbQ&_nc_gid=Q19wgW9N__d6fZIwn7zrJg&edm=AI-cjbYBAAAA&ccb=7-5&oh=00_AfwKmNgKrShLvAKOnE5ScrSNL03ZeXnBRI7vuyQNx6HPuw&oe=69AB69FE&_nc_sid=0985b0","28/02/2026, 22:42:12"
1113543720,"lfg_luis",17934507255186076,"ja temos a tecnologia só falta culhão @lulaoficial","https://www.instagram.com/lfg_luis","https://instagram.fsdu8-2.fna.fbcdn.net/v/t51.2885-19/429511053_1106426963935421_3880751126061003057_n.jpg?stp=dst-jpg_s150x150_tt6&efg=eyJ2ZW5jb2RlX3RhZyI6InByb2ZpbGVfcGljLmRqYW5nby45MTkuYzIifQ&_nc_ht=instagram.fsdu8-2.fna.fbcdn.net&_nc_cat=105&_nc_oc=Q6cZ2QGHqs1QNYczEGtUbXQU8C0DlCq4wl2ktYbTEtgtBiHWWZ-qIlh53643gNU9oCdIGFWQjSeSGHo8kr_FCeZPKyNb&_nc_ohc=_BuKZv1dNncQ7kNvwF84baC&_nc_gid=Q19wgW9N__d6fZIwn7zrJg&edm=AI-cjbYBAAAA&ccb=7-5&oh=00_Afw1yCJ8sqrdyL6FXE_CbJevlsWwKfE4v5TjsHxz_5zpmA&oe=69AB705A&_nc_sid=0985b0","01/03/2026, 01:33:03"
2006600122,"guilherme.duartes",17878182498489498,"Precisamos pra ontem!","https://www.instagram.com/guilherme.duartes","https://instagram.fsdu8-1.fna.fbcdn.net/v/t51.2885-19/41651768_683898711981682_5044234726018121728_n.jpg?stp=dst-jpg_s150x150_tt6&efg=eyJ2ZW5jb2RlX3RhZyI6InByb2ZpbGVfcGljLmRqYW5nby4xMDgwLmMyIn0&_nc_ht=instagram.fsdu8-1.fna.fbcdn.net&_nc_cat=110&_nc_oc=Q6cZ2QGHqs1QNYczEGtUbXQU8C0DlCq4wl2ktYbTEtgtBiHWWZ-qIlh53643gNU9oCdIGFWQjSeSGHo8kr_FCeZPKyNb&_nc_ohc=_giI0D4zuaEQ7kNvwEv8FGW&_nc_gid=Q19wgW9N__d6fZIwn7zrJg&edm=AI-cjbYBAAAA&ccb=7-5&oh=00_AfzvtECieHT7UBFbgAVCZGkjn0M5CEXpsuCO9b2MLOH_Og&oe=69AB76F6&_nc_sid=0985b0","01/03/2026, 01:47:46"
78079947457,"sandor_durval",18095865539065048,"Impossível infelizmente o Brasil e nossa água  já e da China 🇨🇳","https://www.instagram.com/sandor_durval","https://instagram.fsdu8-1.fna.fbcdn.net/v/t51.82787-15/619505541_17856546297603458_3905050606838215765_n.jpg?stp=dst-jpg_s150x150_tt6&efg=eyJ2ZW5jb2RlX3RhZyI6InByb2ZpbGVfcGljLmRqYW5nby43NTAuYzIifQ&_nc_ht=instagram.fsdu8-1.fna.fbcdn.net&_nc_cat=102&_nc_oc=Q6cZ2QGHqs1QNYczEGtUbXQU8C0DlCq4wl2ktYbTEtgtBiHWWZ-qIlh53643gNU9oCdIGFWQjSeSGHo8kr_FCeZPKyNb&_nc_ohc=mH7fUJthVQUQ7kNvwGH_Y7W&_nc_gid=Q19wgW9N__d6fZIwn7zrJg&edm=AI-cjbYBAAAA&ccb=7-5&oh=00_AfygOUZyUNoOlPiWZ9oA8uAiyXJzz3paqy8S1GmvJRcJSw&oe=69AB737C&_nc_sid=0985b0","01/03/2026, 03:11:30"
8639434984,"claudio.nyack",18158278339427424,"Tem sim.","https://www.instagram.com/claudio.nyack","https://instagram.fsdu8-2.fna.fbcdn.net/v/t51.82787-15/564040392_18294837463282985_5455745617995591867_n.jpg?stp=dst-jpg_s150x150_tt6&efg=eyJ2ZW5jb2RlX3RhZyI6InByb2ZpbGVfcGljLmRqYW5nby4xMDgwLmMyIn0&_nc_ht=instagram.fsdu8-2.fna.fbcdn.net&_nc_cat=105&_nc_oc=Q6cZ2QGHqs1QNYczEGtUbXQU8C0DlCq4wl2ktYbTEtgtBiHWWZ-qIlh53643gNU9oCdIGFWQjSeSGHo8kr_FCeZPKyNb&_nc_ohc=9zWO1qsVJmUQ7kNvwHSZdgr&_nc_gid=Q19wgW9N__d6fZIwn7zrJg&edm=AI-cjbYBAAAA&ccb=7-5&oh=00_AfzJSSb0LKV5aJHLVLrQPNmak5a7R7jOs2NvxpJoLdAYCw&oe=69AB4E1D&_nc_sid=0985b0","01/03/2026, 06:52:04"
2256921742,"betolsilva",18449373457096680,"Sim, e já tem parceiro pra fornecer tecnologia de ponta","https://www.instagram.com/betolsilva","https://instagram.fsdu8-1.fna.fbcdn.net/v/t51.2885-19/13256607_1602694416711958_640154843_a.jpg?stp=dst-jpg_s150x150_tt6&efg=eyJ2ZW5jb2RlX3RhZyI6InByb2ZpbGVfcGljLmRqYW5nby43MjAuYzIifQ&_nc_ht=instagram.fsdu8-1.fna.fbcdn.net&_nc_cat=110&_nc_oc=Q6cZ2QGbi3h6bYGfGo8j9GSWxW0lx8bF-EaUbZnFZA0GjSf0MKuW5pWocwDPf4SPpfsLTZkjifQs0tuZOvkSwtZubLz4&_nc_ohc=QQ8NRnV3sq4Q7kNvwHGvQ5B&_nc_gid=UF9x1VvVRMs1NPNjZvlzjg&edm=AI-cjbYBAAAA&ccb=7-5&oh=00_AfxplHDiuFUHl8iSBjCFo2Bagv8jPLCSwLZzuZBumAgxEw&oe=69AB535A&_nc_sid=0985b0","19/02/2026, 19:07:13"
